date,long,short,long_short,model
2015-01-30,0.07356274002954209,0.06498286706056129,0.0085798729689808,elastic_net
2015-02-27,-0.01509736,-0.0012626434911242605,-0.01383471650887574,elastic_net
2015-03-31,0.03140393333333333,-0.014104718518518519,0.04550865185185185,elastic_net
2015-04-30,0.005135965925925926,0.018197544378698225,-0.0130615784527723,elastic_net
2015-05-29,-0.012143539259259258,-0.012264564444444443,0.0001210251851851852,elastic_net
2015-06-30,-0.059672554896142434,-0.00124132,-0.05843123489614244,elastic_net
2015-07-31,-0.004897343657817108,-0.05719043805309735,0.05229309439528024,elastic_net
2015-08-31,-0.07531401327433629,-0.037788666666666665,-0.037525346607669624,elastic_net
2015-09-30,0.03374879346210996,0.054781732937685464,-0.021032939475575503,elastic_net
2015-10-30,0.019174894814814814,0.008456690370370371,0.010718204444444443,elastic_net
2015-11-30,-0.05260444510385757,-0.039417105341246296,-0.013187339762611272,elastic_net
2015-12-31,-0.11595168310911808,-0.06746483258594918,-0.048486850523168895,elastic_net
2016-01-29,-0.006838496240601505,0.012064302255639096,-0.018902798496240603,elastic_net
2016-02-29,0.11485302114803626,0.06730875867269985,0.04754426247533641,elastic_net
2016-03-31,0.07421588163884674,0.011050860606060605,0.06316502103278614,elastic_net
2016-04-29,-0.00807911737804878,0.02255084756097561,-0.03062996493902439,elastic_net
2016-05-31,-0.012651112804878049,0.0027166082317073175,-0.015367721036585366,elastic_net
2016-06-30,0.06088411944869832,0.034240456355283305,0.026643663093415017,elastic_net
2016-07-29,0.03992684946236559,0.006923973926380368,0.03300287553598522,elastic_net
2016-08-31,0.04764525347758887,0.003648224111282844,0.04399702936630603,elastic_net
2016-09-30,-0.08078408527131783,-0.028262437209302323,-0.05252164806201551,elastic_net
2016-10-31,0.06310215217391305,0.0762555534883721,-0.013153401314459051,elastic_net
2016-11-30,0.0036080202177293944,0.02543656298600311,-0.021828542768273715,elastic_net
2016-12-30,0.04842888299531981,0.02326874570982839,0.02516013728549142,elastic_net
2017-01-31,0.026872023437500003,0.02112116875,0.0057508546875000045,elastic_net
2017-02-28,0.01853483542319749,-0.0017997272727272727,0.020334562695924763,elastic_net
2017-03-31,-0.026396020408163263,0.014784888540031396,-0.04118090894819466,elastic_net
2017-04-28,-0.04238263322884013,0.00817546551724138,-0.05055809874608151,elastic_net
2017-05-31,0.04321350786163522,0.015108666666666666,0.028104841194968554,elastic_net
2017-06-30,-0.014458439560439561,0.011773869701726844,-0.026232309262166405,elastic_net
2017-07-31,-0.003876779874213836,-0.012104556603773584,0.008227776729559749,elastic_net
2017-08-31,0.10462004581358611,0.03954305845181674,0.06507698736176937,elastic_net
2017-09-29,0.0014413561208267078,0.018090531746031747,-0.01664917562520504,elastic_net
2017-10-31,0.05291804140127388,0.029430500794912558,0.023487540606361323,elastic_net
2017-11-30,0.027085770700636943,-0.00037141082802547774,0.02745718152866242,elastic_net
2017-12-29,0.04381019138755981,0.04291743540669856,0.0008927559808612484,elastic_net
2018-01-31,-0.03124326794258373,-0.044748746411483256,0.013505478468899525,elastic_net
2018-02-28,0.01691313099041534,0.003911428115015975,0.013001702875399365,elastic_net
2018-03-29,0.016155672000000003,0.0023220831999999996,0.013833588800000003,elastic_net
2018-04-30,0.06197621725239617,0.03032367891373802,0.03165253833865815,elastic_net
2018-05-31,-0.003019568690095846,0.005478961661341853,-0.008498530351437699,elastic_net
2018-06-29,-0.007816885532591416,0.022462575516693162,-0.030279461049284577,elastic_net
2018-07-31,0.03910785079365079,0.03091213968253968,0.008195711111111111,elastic_net
2018-08-31,-0.012811350237717907,-0.012960925515055467,0.00014957527733755992,elastic_net
2018-09-28,-0.11107120952380953,-0.08359420000000001,-0.02747700952380952,elastic_net
2018-10-31,-0.02790093968253968,0.018976393650793653,-0.04687733333333333,elastic_net
2018-11-30,-0.18112800636942675,-0.10261996178343949,-0.07850804458598726,elastic_net
2018-12-31,0.2275647603833866,0.09218254313099042,0.1353822172523962,elastic_net
2019-01-31,0.05701994070512821,0.04602845032051282,0.010991490384615388,elastic_net
2019-02-28,-0.007074629213483146,-0.010223947030497591,0.0031493178170144452,elastic_net
2019-03-29,0.011996226688102895,0.04068279581993569,-0.028686569131832797,elastic_net
2019-04-30,-0.08336409615384616,-0.05735516185897435,-0.026008934294871805,elastic_net
2019-05-31,0.019112305111821087,0.06846196166134186,-0.04934965654952077,elastic_net
2019-06-28,-0.02548175917065391,0.01085695374800638,-0.03633871291866029,elastic_net
2019-07-31,-0.04021315262321145,-0.027691613672496024,-0.012521538950715425,elastic_net
2019-08-30,0.014911157894736843,0.01404697129186603,0.0008641866028708135,elastic_net
2019-09-30,-0.028517816293929715,0.01910519936204147,-0.047623015655971185,elastic_net
2019-10-31,0.034421602870813396,0.033287792663476874,0.001133810207336522,elastic_net
2019-11-29,0.1062672451923077,0.02264964423076923,0.08361760096153846,elastic_net
2019-12-31,0.0219546404494382,-0.011102020866773676,0.03305666131621188,elastic_net
2020-01-31,-0.054884532051282055,-0.0875178701923077,0.03263333814102564,elastic_net
2020-02-28,-0.2488184464,-0.1723842448,-0.0764342016,elastic_net
2020-03-31,0.31699779293739966,0.11954837239165328,0.19744942054574638,elastic_net
2020-04-30,0.135104911717496,0.06861747672552167,0.06648743499197433,elastic_net
2020-05-29,0.12751587278582932,0.014605256038647344,0.11291061674718197,elastic_net
2020-06-30,0.09389721543408361,0.05266110932475884,0.041236106109324766,elastic_net
2020-07-31,0.05436899198717949,0.0442586016,0.010110390387179487,elastic_net
2020-08-31,-0.01625834872611465,-0.02336578025477707,0.00710743152866242,elastic_net
2020-09-30,0.0012262813990461046,0.0030850174880763127,-0.001858736089030208,elastic_net
2020-10-30,0.2808668679245283,0.13828828301886792,0.1425785849056604,elastic_net
2020-11-30,0.1313813078125,0.0678842046875,0.06349710312499998,elastic_net
2020-12-31,0.24618624689440996,0.029081551242236024,0.21710469565217394,elastic_net
2021-01-29,0.14194628395061729,0.04772005709876543,0.09422622685185186,elastic_net
2021-02-26,0.003363990811638591,0.029415469418960245,-0.026051478607321654,elastic_net
2021-03-31,-0.01924384090909091,0.03292794696969697,-0.05217178787878787,elastic_net
2021-04-30,0.035310559880239525,0.005105916167664671,0.030204643712574857,elastic_net
2021-05-28,0.06004974404761905,0.01370549107142857,0.04634425297619048,elastic_net
2021-06-30,-0.07234073048600884,-0.012295476470588233,-0.0600452540154206,elastic_net
2021-07-30,0.03844584470246735,0.01993178809869376,0.018514056603773588,elastic_net
2021-08-31,-0.028520536796536794,-0.03740336023054755,0.008882823434010756,elastic_net
2021-09-30,-0.009373440629470672,0.05395912160228899,-0.06333256223175966,elastic_net
2021-10-29,-0.0758521706970128,-0.03680503271692745,-0.039047137980085356,elastic_net
2021-11-30,-0.03886286318758815,0.02967547464788732,-0.06853833783547547,elastic_net
2021-12-31,-0.1056609396914446,-0.09502941654978961,-0.010631523141654997,elastic_net
2022-01-31,-0.027277924581005586,0.0018750321229050288,-0.029152956703910615,elastic_net
2022-02-28,0.044438510460251046,0.013854617852161785,0.03058389260808926,elastic_net
2022-03-31,-0.1476894449093445,-0.08987308647140865,-0.05781635843793584,elastic_net
2022-04-29,-0.03792801534170153,0.002296384401114206,-0.040224399742815733,elastic_net
2022-05-31,-0.0083615760111576,-0.09323102649930266,0.08486945048814507,elastic_net
2022-06-30,0.06343373882681565,0.0965501089385475,-0.03311637011173185,elastic_net
2022-07-29,0.034299707692307696,-0.026428102097902098,0.060727809790209794,elastic_net
2022-08-31,-0.1362353916083916,-0.09004853566433567,-0.04618685594405593,elastic_net
2022-09-30,0.024159155462184875,0.09821649579831931,-0.07405734033613444,elastic_net
2022-10-31,-0.02087717391304348,0.038607994389901826,-0.059485168302945306,elastic_net
2022-11-30,-0.0699019014084507,-0.0574456647887324,-0.012456236619718307,elastic_net
2022-12-30,0.2951447895480226,0.0783069562764457,0.2168378332715769,elastic_net
2023-01-31,-0.05831902124645892,-0.018367349858356943,-0.039951671388101975,elastic_net
2023-02-28,-0.09562925356125357,-0.015206257834757833,-0.08042299572649574,elastic_net
2023-03-31,0.0003490300000000011,-0.008049801428571429,0.00839883142857143,elastic_net
2023-04-28,0.03044562034383954,-0.021099454154727793,0.051545074498567336,elastic_net
2023-05-31,0.04283624460431655,0.08050939280575539,-0.03767314820143884,elastic_net
2023-06-30,0.052238790764790766,0.043294086455331414,0.008944704309459352,elastic_net
2023-07-31,-0.06329410853835021,-0.030486813314037627,-0.03280729522431258,elastic_net
2023-08-31,-0.07253339130434783,-0.053079683068017365,-0.019453708236330462,elastic_net
2023-09-29,-0.10420647238372092,-0.047586484011627905,-0.05661998837209302,elastic_net
2023-10-31,0.09688443503649634,0.07925004671532847,0.01763438832116787,elastic_net
2023-11-30,0.16637011470588234,0.08032205,0.08604806470588233,elastic_net
2023-12-29,0.007198714285714285,-0.008964690721649484,0.016163405007363768,elastic_net
2024-01-31,0.11007392182890854,0.05532958407079646,0.054744337758112084,elastic_net
2024-02-29,0.037594505917159765,0.046281532544378695,-0.00868702662721893,elastic_net
2024-03-28,-0.05470756444444444,-0.05247870222222222,-0.002228862222222218,elastic_net
2024-04-30,0.10147462222222221,0.04566707851851852,0.055807543703703694,elastic_net
2024-05-31,-0.04828952897473997,-0.014544444279346211,-0.03374508469539376,elastic_net
2024-06-28,0.0747923671641791,0.044928474626865667,0.029863892537313433,elastic_net
2024-07-31,-0.037949531437125754,0.009601715994020927,-0.04755124743114668,elastic_net
2024-08-30,0.010351022488755622,0.02035394760479042,-0.010002925116034797,elastic_net
2024-09-30,0.019816837593984962,-0.00281926015037594,0.022636097744360904,elastic_net
2024-10-31,0.08729476054216867,0.09559104962406015,-0.008296289081891478,elastic_net
2024-11-29,0.06818111951588503,-0.0686725204236006,0.13685363993948563,elastic_net
2015-01-30,0.06456448744460856,0.08574677252584934,-0.021182285081240773,lightgbm
2015-02-27,-0.020168397037037038,0.006851587278106509,-0.027019984315143547,lightgbm
2015-03-31,0.023175167407407406,-0.005552404444444445,0.028727571851851853,lightgbm
2015-04-30,0.00933053037037037,0.01636696301775148,-0.007036432647381109,lightgbm
2015-05-29,-0.007137838518518519,-0.004058032592592593,-0.003079805925925926,lightgbm
2015-06-30,-0.06605175667655787,-0.038225044444444446,-0.027826712232113422,lightgbm
2015-07-31,-0.021292122418879057,-0.0641055796460177,0.04281345722713864,lightgbm
2015-08-31,-0.07493948377581121,-0.07750467109144543,0.0025651873156342236,lightgbm
2015-09-30,0.062441778603268945,0.03195674183976261,0.030485036763506335,lightgbm
2015-10-30,0.017000980740740742,0.019529179259259257,-0.002528198518518515,lightgbm
2015-11-30,-0.04846392284866469,-0.0500592121661721,0.001595289317507416,lightgbm
2015-12-31,-0.10524544843049327,-0.13588153961136024,0.030636091180866964,lightgbm
2016-01-29,0.0011709759398496234,-0.0059280165413533835,0.007098992481203006,lightgbm
2016-02-29,0.1126475256797583,0.08596580392156863,0.02668172175818967,lightgbm
2016-03-31,0.06476633990895296,0.05297367272727273,0.011792667181680233,lightgbm
2016-04-29,-0.0041136524390243895,0.013090565548780487,-0.017204217987804877,lightgbm
2016-05-31,0.0034455152439024387,-0.021214739329268293,0.024660254573170733,lightgbm
2016-06-30,0.06876396937212864,0.06326729402756509,0.005496675344563551,lightgbm
2016-07-29,0.04085494930875576,0.02721404294478528,0.01364090636397048,lightgbm
2016-08-31,0.04682770633693972,0.04261978516228748,0.0042079211746522405,lightgbm
2016-09-30,-0.06792395348837209,-0.07328098759689923,0.005357034108527142,lightgbm
2016-10-31,0.10166966925465838,0.07410059069767443,0.027569078556983956,lightgbm
2016-11-30,0.01892397511664075,0.011927944012441679,0.006996031104199069,lightgbm
2016-12-30,0.04352799687987519,0.013783135725429016,0.029744861154446176,lightgbm
2017-01-31,0.014780515625,0.030930478125,-0.0161499625,lightgbm
2017-02-28,0.011072139498432602,0.01591329153605016,-0.004841152037617556,lightgbm
2017-03-31,-0.014834351648351648,0.005175518053375196,-0.020009869701726843,lightgbm
2017-04-28,-0.03180569905956113,-0.030138982758620692,-0.0016667163009404344,lightgbm
2017-05-31,0.056897600628930824,0.04364659905660377,0.013251001572327052,lightgbm
2017-06-30,-0.0096344568288854,-0.0046744929356357925,-0.004959963893249608,lightgbm
2017-07-31,-0.012998985849056604,-0.008778251572327044,-0.00422073427672956,lightgbm
2017-08-31,0.11476113744075829,0.050136843601895735,0.06462429383886256,lightgbm
2017-09-29,-0.009442662957074723,-0.007655941269841269,-0.001786721687233453,lightgbm
2017-10-31,0.05434007006369426,0.024574302066772656,0.029765767996921606,lightgbm
2017-11-30,0.023401101910828025,0.02267957484076433,0.000721527070063694,lightgbm
2017-12-29,0.03571499840510367,0.025260153110047846,0.010454845295055824,lightgbm
2018-01-31,-0.02210459649122807,-0.04390610207336523,0.021801505582137164,lightgbm
2018-02-28,0.020901463258785943,0.0013923578274760385,0.019509105431309903,lightgbm
2018-03-29,0.0147395328,0.0091842304,0.0055553024,lightgbm
2018-04-30,0.07161992651757189,0.06284201916932908,0.008777907348242811,lightgbm
2018-05-31,0.013240218849840257,0.011018452076677317,0.00222176677316294,lightgbm
2018-06-29,0.009138988871224165,-0.008942634340222575,0.01808162321144674,lightgbm
2018-07-31,0.04899203650793651,0.03158883650793651,0.0174032,lightgbm
2018-08-31,-0.024784968304278922,-0.0078080206022187,-0.01697694770206022,lightgbm
2018-09-28,-0.10401989523809524,-0.10909843968253968,0.005078544444444444,lightgbm
2018-10-31,-0.013289912698412698,-0.010235996825396826,-0.003053915873015872,lightgbm
2018-11-30,-0.15616142356687898,-0.12797527070063694,-0.028186152866242042,lightgbm
2018-12-31,0.19570944888178915,0.15789140734824283,0.037818041533546315,lightgbm
2019-01-31,0.06838361538461539,0.05213583012820513,0.016247785256410262,lightgbm
2019-02-28,-0.015791130016051362,-0.013723213483146068,-0.002067916532905294,lightgbm
2019-03-29,0.019378247588424435,0.027939495176848874,-0.008561247588424439,lightgbm
2019-04-30,-0.09396738141025641,-0.08532118269230769,-0.008646198717948722,lightgbm
2019-05-31,0.04228567891373802,0.06528603833865815,-0.023000359424920125,lightgbm
2019-06-28,-0.01924726794258373,-0.01603330303030303,-0.0032139649122806986,lightgbm
2019-07-31,-0.054253289348171696,-0.047279887122416535,-0.006973402225755161,lightgbm
2019-08-30,0.021435416267942584,0.014768948963317386,0.006666467304625197,lightgbm
2019-09-30,-0.0045995463258785944,0.00769701754385965,-0.012296563869738243,lightgbm
2019-10-31,0.03786902551834131,0.0592145023923445,-0.02134547687400319,lightgbm
2019-11-29,0.0861878108974359,0.0795918044871795,0.0065960064102564,lightgbm
2019-12-31,8.386195826645257e-05,-0.013773842696629214,0.013857704654895667,lightgbm
2020-01-31,-0.04730526762820513,-0.07554853205128205,0.028243264423076918,lightgbm
2020-02-28,-0.234844904,-0.2461832848,0.01133838080000002,lightgbm
2020-03-31,0.30370708988764045,0.15528117656500803,0.1484259133226324,lightgbm
2020-04-30,0.11911800802568219,0.06220814606741574,0.05690986195826645,lightgbm
2020-05-29,0.11818258937198069,0.05674563929146537,0.061436950080515314,lightgbm
2020-06-30,0.08747017845659165,0.011135668810289389,0.07633450964630226,lightgbm
2020-07-31,0.06568037339743589,0.05176784,0.013912533397435888,lightgbm
2020-08-31,-0.02074471974522293,-0.02308480891719745,0.0023400891719745215,lightgbm
2020-09-30,0.005501806041335452,0.011331796502384738,-0.005829990461049286,lightgbm
2020-10-30,0.27718940880503146,0.2129593459119497,0.06423006289308175,lightgbm
2020-11-30,0.1321750328125,0.08594089218749999,0.04623414062500002,lightgbm
2020-12-31,0.24525530279503105,0.08671869720496894,0.1585366055900621,lightgbm
2021-01-29,0.10077761265432099,0.09513473765432098,0.0056428750000000055,lightgbm
2021-02-26,-0.03641909341500766,0.05756237003058104,-0.09398146344558869,lightgbm
2021-03-31,-0.009298863636363636,0.015615156060606062,-0.0249140196969697,lightgbm
2021-04-30,0.027201413173652694,0.022216699101796408,0.004984714071856286,lightgbm
2021-05-28,0.0612947068452381,-0.0060102380952380945,0.06730494494047619,lightgbm
2021-06-30,-0.07576668335787923,-0.015588027941176471,-0.06017865541670275,lightgbm
2021-07-30,0.027666766328011613,0.024765391872278667,0.002901374455732946,lightgbm
2021-08-31,-0.025717050505050503,-0.022948876080691644,-0.002768174424358859,lightgbm
2021-09-30,0.005691978540772533,0.02847474105865522,-0.022782762517882686,lightgbm
2021-10-29,-0.05478338691322902,-0.045791240398293034,-0.008992146514935982,lightgbm
2021-11-30,-0.044319878702397744,0.02137474366197183,-0.06569462236436957,lightgbm
2021-12-31,-0.14047425525946705,-0.06619083450210379,-0.07428342075736326,lightgbm
2022-01-31,-0.008603107541899442,-0.01666041899441341,0.008057311452513967,lightgbm
2022-02-28,0.05482963737796374,0.004371662482566248,0.05045797489539749,lightgbm
2022-03-31,-0.14423608228730822,-0.14727418549511856,0.0030381032078103387,lightgbm
2022-04-29,-0.028428617852161785,-0.04699615598885794,0.018567538136696152,lightgbm
2022-05-31,-0.05200012273361227,-0.07446667921896792,0.02246655648535565,lightgbm
2022-06-30,0.089666562849162,0.09561210055865922,-0.005945537709497226,lightgbm
2022-07-29,0.00894609090909091,-0.0010364097902097907,0.0099825006993007,lightgbm
2022-08-31,-0.13562353286713288,-0.1039388979020979,-0.031684634965034986,lightgbm
2022-09-30,0.05084819047619048,0.06709476470588235,-0.016246574229691876,lightgbm
2022-10-31,-0.009404467040673211,-0.011528863955119213,0.002124396914446002,lightgbm
2022-11-30,-0.0787459042253521,-0.0637328957746479,-0.015013008450704204,lightgbm
2022-12-30,0.2945110706214689,0.12107982369534556,0.17343124692612336,lightgbm
2023-01-31,-0.05807417847025495,-0.04424870679886685,-0.013825471671388097,lightgbm
2023-02-28,-0.10297549287749289,-0.04495160541310542,-0.05802388746438747,lightgbm
2023-03-31,-0.009538987142857142,-0.02303985142857143,0.013500864285714287,lightgbm
2023-04-28,0.023059889684813754,0.03414739111747851,-0.011087501432664758,lightgbm
2023-05-31,0.07712941582733814,0.06461121151079137,0.012518204316546766,lightgbm
2023-06-30,0.08590502453102453,0.04041409942363112,0.04549092510739341,lightgbm
2023-07-31,-0.06837119826338639,-0.07178851953690303,0.003417321273516641,lightgbm
2023-08-31,-0.07708790144927537,-0.07531799565846599,-0.0017699057908093785,lightgbm
2023-09-29,-0.10241168023255814,-0.0859168851744186,-0.01649479505813954,lightgbm
2023-10-31,0.1211886408759124,0.07625234306569344,0.04493629781021896,lightgbm
2023-11-30,0.18159981911764705,0.10703859411764706,0.074561225,lightgbm
2023-12-29,-0.0002593976435935196,-0.04850389543446244,0.04824449779086892,lightgbm
2024-01-31,0.10435190855457226,0.05100286578171091,0.053349042772861344,lightgbm
2024-02-29,0.0325468150887574,0.0337762825443787,-0.0012294674556213026,lightgbm
2024-03-28,-0.06425264148148148,-0.07561389629629629,0.011361254814814814,lightgbm
2024-04-30,0.12141317333333333,0.046617702222222224,0.07479547111111111,lightgbm
2024-05-31,-0.05213163298662705,-0.02335221545319465,-0.028779417533432397,lightgbm
2024-06-28,0.09159865820895521,0.07649622388059701,0.0151024343283582,lightgbm
2024-07-31,-0.04700918562874251,-0.01929319880418535,-0.02771598682455716,lightgbm
2024-08-30,0.011028238380809595,0.006138776946107784,0.0048894614347018105,lightgbm
2024-09-30,0.016477093233082708,0.012300655639097744,0.0041764375939849635,lightgbm
2024-10-31,0.1446223253012048,0.11042087368421052,0.03420145161699428,lightgbm
2024-11-29,0.08365795158850227,-0.02935268835098336,0.11301063993948562,lightgbm
2018-01-31,-0.027891671451355664,-0.04324967304625199,0.015358001594896326,deep_sets_component_proxy_cuda
2018-02-28,-0.005138376996805111,0.013756130990415335,-0.018894507987220446,deep_sets_component_proxy_cuda
2018-03-29,0.0011766864000000003,0.0092438624,-0.008067176,deep_sets_component_proxy_cuda
2018-04-30,0.04999211501597444,0.04531673003194888,0.00467538498402556,deep_sets_component_proxy_cuda
2018-05-31,0.006667984025559106,0.010936787539936101,-0.004268803514376995,deep_sets_component_proxy_cuda
2018-06-29,0.010610597774244833,-0.002883677265500795,0.013494275039745627,deep_sets_component_proxy_cuda
2018-07-31,0.04849342857142857,0.024190384126984127,0.024303044444444442,deep_sets_component_proxy_cuda
2018-08-31,-0.00608339619651347,-0.019778057052297942,0.013694660855784472,deep_sets_component_proxy_cuda
2018-09-28,-0.10436147460317462,-0.09236483809523809,-0.011996636507936531,deep_sets_component_proxy_cuda
2018-10-31,0.027890460317460314,-0.016640409523809525,0.04453086984126984,deep_sets_component_proxy_cuda
2018-11-30,-0.12110316401273885,-0.11846711942675159,-0.0026360445859872628,deep_sets_component_proxy_cuda
2018-12-31,0.134073017571885,0.13259582268370607,0.0014771948881789343,deep_sets_component_proxy_cuda
2019-01-31,0.057756692307692314,0.05084941025641026,0.006907282051282056,deep_sets_component_proxy_cuda
2019-02-28,0.008452789727126805,-0.028706101123595507,0.03715889085072231,deep_sets_component_proxy_cuda
2019-03-29,0.0187688231511254,0.021667826366559485,-0.0028990032154340845,deep_sets_component_proxy_cuda
2019-04-30,-0.07192158333333333,-0.06676728685897436,-0.005154296474358971,deep_sets_component_proxy_cuda
2019-05-31,0.07278731309904153,0.030984856230031946,0.04180245686900959,deep_sets_component_proxy_cuda
2019-06-28,-0.009380665071770334,-0.0025923987240829343,-0.0067882663476874,deep_sets_component_proxy_cuda
2019-07-31,-0.037090672496025434,-0.036453674085850554,-0.0006369984101748799,deep_sets_component_proxy_cuda
2019-08-30,0.0029056331738436998,0.021054204146730465,-0.018148570972886763,deep_sets_component_proxy_cuda
2019-09-30,0.02079297444089457,-0.00484411961722488,0.02563709405811945,deep_sets_component_proxy_cuda
2019-10-31,0.08389440510366826,0.017670574162679427,0.06622383094098883,deep_sets_component_proxy_cuda
2019-11-29,0.07770189262820514,0.044833996794871794,0.03286789583333334,deep_sets_component_proxy_cuda
2019-12-31,-0.002263744783306581,-0.0002808699839486362,-0.0019828747993579448,deep_sets_component_proxy_cuda
2020-01-31,-0.058859804487179486,-0.04692590705128205,-0.011933897435897435,deep_sets_component_proxy_cuda
2020-02-28,-0.19212904,-0.2293879216,0.03725888159999999,deep_sets_component_proxy_cuda
2020-03-31,0.19640931460674158,0.1568154349919743,0.03959387961476726,deep_sets_component_proxy_cuda
2020-04-30,0.10383225361155698,0.07791425521669343,0.025917998394863556,deep_sets_component_proxy_cuda
2020-05-29,0.04740666505636071,0.09344354428341385,-0.04603687922705314,deep_sets_component_proxy_cuda
2020-06-30,0.03713540032154341,0.04515884565916399,-0.008023445337620581,deep_sets_component_proxy_cuda
2020-07-31,0.06294119391025642,0.038955472,0.02398572191025642,deep_sets_component_proxy_cuda
2020-08-31,-0.023771472929936307,-0.011324337579617835,-0.012447135350318472,deep_sets_component_proxy_cuda
2020-09-30,-0.00018200794912559675,0.015220408585055644,-0.015402416534181241,deep_sets_component_proxy_cuda
2020-10-30,0.20031866194968553,0.2014888600628931,-0.0011701981132075656,deep_sets_component_proxy_cuda
2020-11-30,0.091378525,0.1077071203125,-0.0163285953125,deep_sets_component_proxy_cuda
2020-12-31,0.046948624223602485,0.14277831832298135,-0.09582969409937886,deep_sets_component_proxy_cuda
2021-01-29,0.0520049336419753,0.10416627932098764,-0.05216134567901234,deep_sets_component_proxy_cuda
2021-02-26,-0.0052482496171516076,0.03377692813455657,-0.039025177751708176,deep_sets_component_proxy_cuda
2021-03-31,0.015822975757575755,-0.00018733787878787836,0.016010313636363634,deep_sets_component_proxy_cuda
2021-04-30,-0.008764510479041917,0.03215940718562874,-0.040923917664670656,deep_sets_component_proxy_cuda
2021-05-28,0.03164939880952381,0.03253800744047619,-0.0008886086309523797,deep_sets_component_proxy_cuda
2021-06-30,-0.04588754786450663,-0.02455631764705882,-0.021331230217447806,deep_sets_component_proxy_cuda
2021-07-30,0.037633796806966616,0.01014845863570392,0.027485338171262697,deep_sets_component_proxy_cuda
2021-08-31,-0.03626778787878788,-0.008400695965417867,-0.02786709191337001,deep_sets_component_proxy_cuda
2021-09-30,0.014781805436337626,0.023602383404864095,-0.008820577968526469,deep_sets_component_proxy_cuda
2021-10-29,-0.06499785775248933,-0.03998917211948791,-0.025008685633001418,deep_sets_component_proxy_cuda
2021-11-30,-0.0037450042313117065,-0.006611908450704226,0.0028669042193925198,deep_sets_component_proxy_cuda
2021-12-31,-0.1138513870967742,-0.05693317391304348,-0.05691821318373072,deep_sets_component_proxy_cuda
2022-01-31,-0.026329682960893858,0.0038760572625698322,-0.03020574022346369,deep_sets_component_proxy_cuda
2022-02-28,0.0171442580195258,0.03419615760111576,-0.01705189958158996,deep_sets_component_proxy_cuda
2022-03-31,-0.11944122454672246,-0.08636497071129708,-0.03307625383542538,deep_sets_component_proxy_cuda
2022-04-29,-0.033644278940027895,-0.014048218662952645,-0.01959606027707525,deep_sets_component_proxy_cuda
2022-05-31,-0.02436341143654114,-0.06153360948396095,0.037170198047419806,deep_sets_component_proxy_cuda
2022-06-30,0.08368968994413407,0.05155143156424581,0.03213825837988826,deep_sets_component_proxy_cuda
2022-07-29,0.011703013986013986,-0.0009318013986013983,0.012634815384615384,deep_sets_component_proxy_cuda
2022-08-31,-0.09104198881118881,-0.10555709230769231,0.014515103496503493,deep_sets_component_proxy_cuda
2022-09-30,0.06406160504201681,0.05420242577030813,0.009859179271708686,deep_sets_component_proxy_cuda
2022-10-31,0.006441274894810659,0.010335438990182327,-0.0038941640953716683,deep_sets_component_proxy_cuda
2022-11-30,-0.03596456056338028,-0.0550313,0.01906673943661972,deep_sets_component_proxy_cuda
2022-12-30,0.13563766101694916,0.14625067559943583,-0.010613014582486674,deep_sets_component_proxy_cuda
2023-01-31,-0.04810480169971671,-0.019287439093484418,-0.028817362606232293,deep_sets_component_proxy_cuda
2023-02-28,-0.04216457977207977,-0.06709278774928774,0.024928207977207975,deep_sets_component_proxy_cuda
2023-03-31,0.01147013142857143,-0.02145469857142857,0.03292483,deep_sets_component_proxy_cuda
2023-04-28,0.007023031518624642,0.0029461790830945557,0.0040768524355300866,deep_sets_component_proxy_cuda
2023-05-31,0.06337190071942446,0.05720183165467626,0.0061700690647482,deep_sets_component_proxy_cuda
2023-06-30,0.0429357316017316,0.04916200864553314,-0.006226277043801541,deep_sets_component_proxy_cuda
2023-07-31,-0.044848658465991315,-0.05327948914616498,0.008430830680173668,deep_sets_component_proxy_cuda
2023-08-31,-0.0687699231884058,-0.0660886020260492,-0.002681321162356601,deep_sets_component_proxy_cuda
2023-09-29,-0.08743465697674419,-0.06481543023255813,-0.022619226744186052,deep_sets_component_proxy_cuda
2023-10-31,0.11440636642335765,0.06407483795620438,0.050331528467153275,deep_sets_component_proxy_cuda
2023-11-30,0.16336791764705882,0.08913504117647059,0.07423287647058824,deep_sets_component_proxy_cuda
2023-12-29,0.0188040206185567,-0.033169500736377026,0.05197352135493373,deep_sets_component_proxy_cuda
2024-01-31,0.09089064896755163,0.036479056047197644,0.05441159292035398,deep_sets_component_proxy_cuda
2024-02-29,0.02426105325443787,0.037051548816568046,-0.012790495562130175,deep_sets_component_proxy_cuda
2024-03-28,-0.07155856444444444,-0.05126532148148148,-0.020293242962962962,deep_sets_component_proxy_cuda
2024-04-30,0.03163662666666667,0.059082151111111106,-0.02744552444444444,deep_sets_component_proxy_cuda
2024-05-31,-0.021316065378900448,-0.027680977711738483,0.006364912332838035,deep_sets_component_proxy_cuda
2024-06-28,0.08234712985074627,0.06815203582089552,0.014195094029850752,deep_sets_component_proxy_cuda
2024-07-31,-0.007852050898203592,-0.020858511210762334,0.013006460312558742,deep_sets_component_proxy_cuda
2024-08-30,0.001951251874062969,0.010897014970059881,-0.008945763095996912,deep_sets_component_proxy_cuda
2024-09-30,0.0048656992481203015,0.012704921804511276,-0.007839222556390975,deep_sets_component_proxy_cuda
2024-10-31,0.06844056777108433,0.15998587067669173,-0.0915453029056074,deep_sets_component_proxy_cuda
2024-11-29,-0.06906388653555219,0.06454731013615733,-0.1336111966717095,deep_sets_component_proxy_cuda
2018-01-31,-0.023607060843035193,-0.04469404148656241,0.02108698064352722,conditional_autoencoder_sdf_cuda
2018-02-28,0.018020341715280015,-0.004302765090117212,0.022323106805397227,conditional_autoencoder_sdf_cuda
2018-03-29,0.010244334551377687,0.009119220900489017,0.0011251136508886699,conditional_autoencoder_sdf_cuda
2018-04-30,0.06424318986847966,0.05608568032664062,0.008157509541839032,conditional_autoencoder_sdf_cuda
2018-05-31,0.011381161721605889,0.010437600889394563,0.0009435608322113254,conditional_autoencoder_sdf_cuda
2018-06-29,0.015552314876453635,-0.004596319728146347,0.02014863460459998,conditional_autoencoder_sdf_cuda
2018-07-31,0.03625961874181124,0.04685826980482763,-0.010598651063016391,conditional_autoencoder_sdf_cuda
2018-08-31,-0.013927719344181288,-0.014509265954944226,0.000581546610762939,conditional_autoencoder_sdf_cuda
2018-09-28,-0.11002290793842384,-0.09533158087191017,-0.014691327066513674,conditional_autoencoder_sdf_cuda
2018-10-31,-0.00790283650680471,0.003499846186189513,-0.011402682692994222,conditional_autoencoder_sdf_cuda
2018-11-30,-0.1569896240670558,-0.1146026846685704,-0.042386939398485396,conditional_autoencoder_sdf_cuda
2018-12-31,0.18598460161127894,0.14596956514713139,0.04001503646414756,conditional_autoencoder_sdf_cuda
2019-01-31,0.048527655597727294,0.05295683011430204,-0.004429174516574749,conditional_autoencoder_sdf_cuda
2019-02-28,-0.012750457560326448,-0.00823259739676882,-0.004517860163557628,conditional_autoencoder_sdf_cuda
2019-03-29,0.023702112496619028,0.01796791796034226,0.0057341945362767675,conditional_autoencoder_sdf_cuda
2019-04-30,-0.10832900660096083,-0.0560345176497718,-0.05229448895118903,conditional_autoencoder_sdf_cuda
2019-05-31,0.05877747100415242,0.055037785976844916,0.003739685027307503,conditional_autoencoder_sdf_cuda
2019-06-28,-0.02048251188374637,-0.00824744004481861,-0.012235071838927759,conditional_autoencoder_sdf_cuda
2019-07-31,-0.06509401438398167,-0.02651588565820146,-0.03857812872578021,conditional_autoencoder_sdf_cuda
2019-08-30,0.03838856137254419,0.0071190859594511754,0.031269475413093016,conditional_autoencoder_sdf_cuda
2019-09-30,-0.00276374901360728,0.007831972883786802,-0.010595721897394082,conditional_autoencoder_sdf_cuda
2019-10-31,0.0362550602142255,0.04733053559397104,-0.011075475379745542,conditional_autoencoder_sdf_cuda
2019-11-29,0.09634031769121812,0.03903495535679469,0.05730536233442343,conditional_autoencoder_sdf_cuda
2019-12-31,-0.025017302885261418,0.005955157096476786,-0.030972459981738205,conditional_autoencoder_sdf_cuda
2020-01-31,-0.08117960438875553,-0.07037523558208192,-0.010804368806673612,conditional_autoencoder_sdf_cuda
2020-02-28,-0.25998219915367665,-0.18184634824763052,-0.07813585090604613,conditional_autoencoder_sdf_cuda
2020-03-31,0.3301580194356297,0.13577524392765067,0.19438277550797906,conditional_autoencoder_sdf_cuda
2020-04-30,0.11285404387613338,0.07819502705052819,0.03465901682560518,conditional_autoencoder_sdf_cuda
2020-05-29,0.09290949408255139,0.059017350919761895,0.0338921431627895,conditional_autoencoder_sdf_cuda
2020-06-30,0.06818177358183143,0.0429283230870751,0.02525345049475633,conditional_autoencoder_sdf_cuda
2020-07-31,0.09084804772842639,0.04217918832092546,0.04866885940750093,conditional_autoencoder_sdf_cuda
2020-08-31,-0.03386806049361932,-0.009875154048201178,-0.02399290644541814,conditional_autoencoder_sdf_cuda
2020-09-30,0.010778912449644623,-0.0022168852430871954,0.01299579769273182,conditional_autoencoder_sdf_cuda
2020-10-30,0.29845220595012484,0.18976198247730522,0.10869022347281962,conditional_autoencoder_sdf_cuda
2020-11-30,0.12655809879352092,0.08225207354539635,0.044306025248124575,conditional_autoencoder_sdf_cuda
2020-12-31,0.12444462984779008,0.12240193849278207,0.0020426913550080084,conditional_autoencoder_sdf_cuda
2021-01-29,0.11191268502722025,0.07555377819036589,0.03635890683685436,conditional_autoencoder_sdf_cuda
2021-02-26,0.030111580211323347,-0.016979085606335487,0.04709066581765883,conditional_autoencoder_sdf_cuda
2021-03-31,0.008170915062345666,0.00794247736277722,0.0002284376995684463,conditional_autoencoder_sdf_cuda
2021-04-30,0.031943616680049795,0.004335308269284593,0.0276083084107652,conditional_autoencoder_sdf_cuda
2021-05-28,0.03745760274073075,0.0378052219491673,-0.00034761920843655314,conditional_autoencoder_sdf_cuda
2021-06-30,-0.046402244210174304,-0.04426330723775155,-0.0021389369724227544,conditional_autoencoder_sdf_cuda
2021-07-30,0.03406736857280762,0.024353230801447807,0.009714137771359814,conditional_autoencoder_sdf_cuda
2021-08-31,-0.03228880238644446,-0.017170828719208553,-0.015117973667235905,conditional_autoencoder_sdf_cuda
2021-09-30,0.0012486466357833539,0.04180446498634598,-0.04055581835056262,conditional_autoencoder_sdf_cuda
2021-10-29,-0.07515217798404664,-0.043954646038501737,-0.0311975319455449,conditional_autoencoder_sdf_cuda
2021-11-30,0.002272359608627898,-0.02319464371498661,0.025467003323614505,conditional_autoencoder_sdf_cuda
2021-12-31,-0.09567413870790353,-0.0998916634654239,0.004217524757520366,conditional_autoencoder_sdf_cuda
2022-01-31,-0.0301039454005444,-0.0017497233295125116,-0.028354222071031887,conditional_autoencoder_sdf_cuda
2022-02-28,0.018951369353823008,0.02000609039456611,-0.0010547210407431014,conditional_autoencoder_sdf_cuda
2022-03-31,-0.15294552629981112,-0.09996454266966366,-0.05298098363014746,conditional_autoencoder_sdf_cuda
2022-04-29,-0.03511126908234832,-0.010683901333084724,-0.0244273677492636,conditional_autoencoder_sdf_cuda
2022-05-31,-0.04046242409348397,-0.0641873961336803,0.02372497204019633,conditional_autoencoder_sdf_cuda
2022-06-30,0.08568301239477238,0.07240972763418276,0.01327328476058963,conditional_autoencoder_sdf_cuda
2022-07-29,0.00677296379914872,-0.005442135925754788,0.012215099724903509,conditional_autoencoder_sdf_cuda
2022-08-31,-0.1241376254289131,-0.08713830053731815,-0.03699932489159495,conditional_autoencoder_sdf_cuda
2022-09-30,0.06294156857345551,0.0613610236670728,0.0015805449063827082,conditional_autoencoder_sdf_cuda
2022-10-31,-0.015502117779651037,0.02325961565232537,-0.038761733431976406,conditional_autoencoder_sdf_cuda
2022-11-30,-0.06986395182591391,-0.055005233936789806,-0.014858717889124108,conditional_autoencoder_sdf_cuda
2022-12-30,0.27380880646380146,0.08812871902890612,0.18568008743489534,conditional_autoencoder_sdf_cuda
2023-01-31,-0.05812092200727116,-0.017894811441133487,-0.040226110566137674,conditional_autoencoder_sdf_cuda
2023-02-28,-0.0876871679265346,-0.035780049587058986,-0.05190711833947561,conditional_autoencoder_sdf_cuda
2023-03-31,-0.007850736863162767,-0.013774951447196924,0.005924214584034157,conditional_autoencoder_sdf_cuda
2023-04-28,0.03063281996216175,-0.008040176153429491,0.038672996115591246,conditional_autoencoder_sdf_cuda
2023-05-31,0.0669051440536939,0.05795180728875114,0.008953336764942754,conditional_autoencoder_sdf_cuda
2023-06-30,0.07000432315188534,0.04782833883408882,0.022175984317796528,conditional_autoencoder_sdf_cuda
2023-07-31,-0.06292604060085707,-0.045968033703843336,-0.01695800689701374,conditional_autoencoder_sdf_cuda
2023-08-31,-0.07415111936692931,-0.059021855122494,-0.015129264244435309,conditional_autoencoder_sdf_cuda
2023-09-29,-0.11755945914994173,-0.05412403327022201,-0.06343542587971972,conditional_autoencoder_sdf_cuda
2023-10-31,0.12384546166158411,0.07210142202719955,0.051744039634384564,conditional_autoencoder_sdf_cuda
2023-11-30,0.1956206245415481,0.08617451476375744,0.10944610977779066,conditional_autoencoder_sdf_cuda
2023-12-29,-0.008155900900134206,-0.021723109043749536,0.01356720814361533,conditional_autoencoder_sdf_cuda
2024-01-31,0.09783586073328726,0.07186375514555302,0.025972105587734245,conditional_autoencoder_sdf_cuda
2024-02-29,0.02257489029407817,0.034014300160239284,-0.011439409866161116,conditional_autoencoder_sdf_cuda
2024-03-28,-0.08388576613501991,-0.05398580424159903,-0.02989996189342088,conditional_autoencoder_sdf_cuda
2024-04-30,0.12455253297402696,0.040388295978471565,0.08416423699555539,conditional_autoencoder_sdf_cuda
2024-05-31,-0.04479232105930899,-0.030892668977585386,-0.013899652081723606,conditional_autoencoder_sdf_cuda
2024-06-28,0.09929857001989148,0.08010388026131254,0.019194689758578937,conditional_autoencoder_sdf_cuda
2024-07-31,-0.046969050936382414,-0.011298261752297478,-0.035670789184084936,conditional_autoencoder_sdf_cuda
2024-08-30,0.00318215781223445,0.007912158673740875,-0.004730000861506425,conditional_autoencoder_sdf_cuda
2024-09-30,-0.0018268679103663513,0.012643979297718034,-0.014470847208084385,conditional_autoencoder_sdf_cuda
2024-10-31,0.09306993408946332,0.13094096826214371,-0.037871034172680396,conditional_autoencoder_sdf_cuda
2024-11-29,0.005546903203180941,-0.019156155232444887,0.024703058435625827,conditional_autoencoder_sdf_cuda
