date,beta_const,beta_ocf,beta_size,beta_bm,beta_momentum,beta_profitability,beta_investment,beta_leverage,beta_intangibility,beta_analyst_coverage
1996-07-31,-0.0896803275411262,-0.002733608394821443,0.012368214596733375,-59.41953769730154,0.06400696683706955,-0.01501790979697077,0.15354864701229956,0.029446600920329472,0.06335279987378761,-0.0017136465577456158
1996-09-30,0.17197610878827588,-0.0037995936372668443,-0.014701737545738985,-35.544585272736995,0.007034830786496504,0.0014410881079021192,-0.007288116142490937,0.10830237941601062,-0.03792455426068985,0.0002883036325102
1996-10-31,-0.3060745569929486,-0.002765548764908107,0.02514425673634941,76.17378273056819,-0.0050611445235288635,-0.002613111263467412,0.07460072521478923,0.03746238142895035,0.039374393078437146,-0.0038368912341291343
1996-12-31,0.19838373753865332,0.004369217658662327,-0.012090773231455847,-17.49981247872126,0.010447876714584196,0.009064118144226117,-0.0021061249297940473,-0.036838890610868154,0.02981325235782828,0.00012707796884749227
1997-01-31,-0.000964363927068084,-0.0009982963794047727,-0.0028705253603805757,58.38446542433266,-0.003417015169130362,-0.002314155823285348,-0.009389825470048616,0.023222643622097545,-0.06425063976511218,0.0018544853913227746
1997-02-28,-0.07640341835711728,-0.003205319367059072,-0.0013744824085923928,63.44002965471151,0.02906686584999137,0.005956469833210516,-0.015037736293204665,-0.029695364059324082,0.04026310876838217,0.002178569845733396
1997-03-31,-0.2933942296499106,0.00040293474520371826,0.019354219410953923,20.6763718415329,0.01929957657543499,-0.005516735733795559,0.0018002736905522118,0.04086092650716734,0.03787997588379289,0.00026315185339021986
1997-04-30,0.3949613742331366,0.0009306372694327646,-0.015809700448069328,-60.457308812190284,-0.04144233061956626,0.00568266375957497,-0.007694169817326156,-0.13031110458662035,-0.020082668502372645,0.00019167491058109042
1997-06-30,0.021436625431718516,0.0009386571890685051,-0.00033615430104160134,35.24338123077762,0.05829738890970617,0.0004003939445768136,-0.00029430208672998927,-0.02040733018395007,0.03192926730166978,0.001751424648804963
1997-07-31,0.3124806874756382,0.0007966920488336439,-0.023411629312797486,1.8474622328752623,0.01853399009909131,0.0012007402920208477,-0.004743840969868613,0.0034438215561391405,0.03296094670488049,0.0009529009255202828
1997-09-30,0.04224521390157432,-0.0033667021295863847,-0.005403547355076754,15.724924410558172,-0.03268502493901432,-0.00606404060028864,-0.0013603299007279553,0.029430880121214305,-0.017912989158759777,-0.00015286679952150096
1997-10-31,-0.1369481784491109,-0.0012941197491132903,0.009970514517699633,25.905836248257252,-0.004579451277842458,0.02311177440081677,-0.006047677310255832,0.007267363100828524,0.008005327574693034,-0.0005470628955057385
1997-12-31,-0.01487583412350538,-0.00022412081658569735,-0.002305332954345616,37.234050723939816,0.0018318065787008373,0.004435173188873558,0.003657099477547051,0.0053257145336668065,0.05324472252337512,0.0014118623372086087
1998-03-31,0.14158899645447667,0.001464427338777838,-0.010208419328614805,7.696525364317275,-0.00896561788297016,-0.001274351422063523,-0.0011384105243521841,-0.006081520472991552,0.018730493776884276,0.0017002127389865698
1998-04-30,-0.14248426448955517,-0.0011538859328076843,0.006589938199459979,49.54273975284857,0.0009949285575018025,0.0015892572581371626,-0.0007245680427343765,0.0030739082316834435,-0.004528091858666539,-0.001247026761461816
1998-06-30,-0.15022222744252828,-0.0003320081558093853,0.00479286494035999,7.497240884523961,0.037224863143545506,0.0010310700592527761,0.0034492899289766225,-1.0212566087276775e-05,0.01795544927061592,0.0006340237387273314
1998-07-31,-0.40946657441513634,-0.0030063610834632493,0.01784231185783428,41.516553486399694,0.003302257273430585,0.005803697673431006,-0.010415155123851862,-0.0029751015005668605,-0.036800815817667094,-0.0023953590776310207
1998-08-31,0.20890481479989015,0.0003845078375718976,-0.0128639063977091,-3.00299045897541,0.01676025075297495,-0.013198402276190895,0.007123469709102351,-0.05205484602878393,0.024468613500335,0.004273596571108003
1998-09-30,-0.06153131364061043,0.000547386346304395,0.005777420595789461,28.820215787325658,-0.08312547630759527,0.017114139407665697,0.0018317254183101732,-0.04738675798947618,0.02523620005111444,0.002937278985940666
1998-11-30,0.09465505518187761,0.0014316064439896291,-0.005493429261997745,-5.663555898710924,0.10690323533234422,-0.002643450746777903,0.00119476574290624,-0.0374117464139628,0.08750735771411053,0.00189385610472184
1998-12-31,0.24086660588146724,0.003729229479937339,-0.02275111189757885,14.128686275333695,0.008015538414781267,-0.01619408237148086,0.000633266153167891,0.008437011082173018,0.12034915406740301,0.0042332420909156915
1999-03-31,-0.038843958342112864,0.0009017400012903739,0.006420912287646751,45.73183424600015,-0.023331407388714517,-0.0024614353018573842,-4.9846597188549314e-05,0.09681631746968909,-0.001536338893934626,-0.000813962729357576
1999-04-30,0.1477843532612443,0.0018202260524093946,-0.010525907420390241,5.979431587218797,-0.024927034087275996,-0.0029194688274503024,-0.0001293054128889988,-0.02627525559235252,0.07750031868245755,0.0005342054873720148
1999-06-30,0.2698046752061458,0.002423744662634492,-0.019785257269312198,-14.461787975045265,0.015378571243693353,0.0001318749270657701,-0.017766720357573304,-0.015002721293550217,-0.0167105397354678,0.001530682911389845
1999-08-31,0.036909875067167364,0.0016505925151127797,-0.003265273256700279,-23.508739672105325,0.01488363902793908,-0.0004731789056094176,-0.0005111873600661597,-0.02059052981250597,0.011763749073471642,-0.0005838999769090992
1999-09-30,-0.11042432655023292,0.001056745759811772,0.008997557531135344,-2.909104399788534,0.025675499767762892,-0.00015470308183858695,-0.007317745742133745,-0.09338060377830887,0.0023178257562417454,0.0009241904519332544
1999-11-30,0.10402271391698326,0.007219761570409202,-0.003334806544866203,-16.674255896455087,0.06642826285881005,-0.0017875875441768485,0.008609346209368037,-0.06653658539403833,0.06729472206813415,-0.00024906003451901135
1999-12-31,0.36587845003705444,0.005632893983845141,-0.03084115760808628,-3.4523324274803286,0.01172344605578082,0.00018860439506047626,-0.004636724909266174,-0.03944923606829668,0.10037382350063356,0.0024900540602355086
2000-01-31,0.27040197855229325,0.012141741252072657,-0.009976645384449194,-54.03961528744741,0.07538451650938045,-0.0009233748092546183,0.004133519186634483,-0.2576505394089714,0.18890987870378848,-0.00542889731558033
2000-02-29,0.14596519997725657,-0.004321902371377422,-0.009946531709963565,-19.507737822289116,-0.03181051043173914,0.0004678348975358618,-0.0035985868229147923,0.037223616531321495,-0.05674853429240852,0.00807440339169168
2000-03-31,-0.19204412996298892,-0.003066058967758985,0.0109983735726063,37.727903752052484,-0.004159168813930002,0.0007098709861827645,-0.017778835418307163,0.11621266214800742,-0.064284104078669,0.00033118579595261334
2000-05-31,0.23258597383301027,0.00941616366486027,-0.013543196978537834,-2.0264520548897598,0.06027206730379966,-0.002433462113892224,0.0081120207169128,-0.08321390290471278,0.0713787899998648,-0.0022155989688755736
2000-06-30,0.026279389512871818,-0.0034233220540140453,-0.0028176058172326305,15.816462320858966,-0.029686041379122126,-0.003877137109454053,-0.0019244697588414932,0.016875937965304823,-0.017419065167517584,0.0014230696104724524
2000-07-31,0.12827432820879195,0.005260642728887416,-0.0038507699399614897,-8.129653930012612,0.030506688529021882,0.002220923185084424,0.003940187004675829,-0.060683792210697515,0.006903488353264996,0.0011589024953348548
2000-08-31,0.006036521557877245,-0.003219517831231975,-0.002761211316525022,8.66181507600762,0.00937333805721972,-0.0048680555351754504,-0.0061941657905949694,0.04275588924938399,-0.040879464077903785,0.0010221809172256571
2000-10-31,-0.115259707814898,-0.008686676667434931,0.0034206701545200285,-2.4521869302634642,-0.024862942243501756,0.017856254989603915,-0.0030019154129105616,0.1007126380003,-0.06295161499112203,-0.0001078208640727584
2000-11-30,-0.07513357176986554,-0.0030517998219556685,0.01366516256210986,-4.493056260059908,0.019890129018260906,0.0008651630994852571,-0.002264957753513152,0.03602705507123017,-0.13329581378504463,-0.0029333200065153513
2001-01-31,0.03507221939123355,-0.006163339254983308,-0.00956735773031038,22.711378409533697,0.02904791350480281,0.009795230958393084,-0.0012610788480716371,0.14471563238862445,-0.07873193628419502,0.0008088824219661656
2001-02-28,-0.011795722571097003,-0.006339220044828514,-0.0024310734502904384,10.637871933563249,0.02580677907455515,0.004216245259448883,-0.0018248317411745498,0.0633747713153897,-0.05822873527870595,-0.0015579332677913137
2001-04-30,0.2989196013959313,0.0009010636349858284,-0.019561034266650727,10.196100933930051,0.013461102106659989,-0.004396735880899142,-0.0004855999216924657,0.03555965171033039,0.014356212645809498,0.0005095614686293486
2001-05-31,0.11052223105851972,-0.0011010758612259352,-0.003840288003301454,-10.178705809810655,-0.011085951651903238,-0.010368075148494941,0.0003238272174359885,-0.015245642378650809,0.00908650976132886,-0.002272019413450222
2001-07-31,-0.07760710438981472,-3.260784087599218e-05,0.0037832282195963602,23.89994536451345,0.015334964810309928,-0.008192187622988,-0.0035260041885871933,0.04741922475727593,0.004301342887761451,-0.0037038919292327727
2001-08-31,-0.14316337066937138,-0.004682997471151265,0.0031934696029162503,-1.2834300685606825,0.05861687887916267,1.310778536331179e-05,-0.0019042442685684533,-0.021805818430039307,-0.04262958570400073,-0.002522609313366204
2001-10-31,0.14087768455845087,0.0013191652807268384,-0.007732888561320038,13.40499992033202,-0.04947595389600649,-0.0020364702571074,0.0007870633406027653,-0.039816427117472346,0.11530827499210265,0.003990182365453529
2001-11-30,0.24853586853027143,0.00022461281594467235,-0.014310892352354911,6.319050421993664,-0.01245577623722834,-0.006613642571730433,0.0005987631630232299,-0.017643356444670223,0.010581777794351856,0.0011040421779218285
2001-12-31,0.18494022504125734,-0.0026923733958707026,-0.015968153778301575,19.159467376587717,0.014438800827052262,0.008597374054000032,-0.009125241803198061,0.0009087335149602108,0.03809725476430655,0.00273058296724086
2002-01-31,-0.1602335562162887,-0.0028605530326963834,0.012063621081795447,6.695150172016319,0.01248318252323307,0.00795634047927978,-0.0063751117174538924,0.05541541225576303,-0.05996669356579986,-0.0036092104109431656
2002-02-28,0.37928620215935793,0.0026467634808176655,-0.023623723938598587,3.77401063842705,-0.010269021360096144,0.0024512463857337993,-0.001174645326122679,0.006854366581558145,-0.0026724064304244643,0.004202079252824077
2002-04-30,-0.09317842712038096,-0.00143114723098196,0.004946709866300918,5.916412633555486,0.024918721906057935,0.004029028074994126,-0.004049032034032108,0.006843535920944644,-0.01598019832528232,-0.0008351852351392632
2002-05-31,-0.07336986169425966,-0.005381372091771977,0.0033061086001698226,-6.229229903409534,0.0650869728758,0.002805845415696556,-0.00223588402653875,0.008843223881245752,-0.04064285667350998,-0.003423990892335489
2002-07-31,-0.11341003674826057,-0.0013424671684648685,0.006761948741716161,21.637628644488693,0.019899529060767022,0.00015753670480404087,-0.003137810191562331,-0.0033165650889301983,0.025101793588945855,0.0003019845437295243
2002-09-30,0.15922882300285804,0.0008419395092968558,-0.01169072615299243,5.361773467236629,-0.018366635940579395,-0.00037449582728522744,-0.004095141656417864,-0.0920279294387327,0.08404706651347693,0.006268071844802118
2002-10-31,0.48195275854952707,0.005698952615982012,-0.03701324061693384,21.430564127194433,-0.1127948633848252,-0.001061501333877014,-0.020319753625918965,0.040641796581824825,0.12350315444522791,0.008786613311477159
2002-12-31,0.1499682008118856,-0.00039830710672118645,-0.014963788582466896,3.3168926987104825,0.007405867904537868,0.00020311242619672638,-0.0032819926135121908,-0.003088482525657719,0.03257538041928429,0.0030403620969723373
2003-01-31,-0.02899352879777098,0.0006921933705331863,0.000979437894396719,-5.177929664968179,0.016998410529938578,-5.701572837149062e-05,-0.003243491506823669,-0.026560388087770868,-0.00912727078552656,0.000197991540688723
2003-02-28,0.042520764324900345,0.001922965183707836,-0.00405461051246143,4.566123275075891,0.0243007841090087,0.00011626331441489467,0.012389459156611224,0.009353532468011823,0.03808637799328161,0.0012715999515021223
2003-03-31,0.1644997522662021,0.0017387015108892205,-0.00802607514148621,10.650577353577141,-0.0695281094033861,-0.0006567413279553294,-0.0011993573431058288,0.03418018655747102,0.042094730669250124,0.0008467865736175117
2003-04-30,0.4125777087572559,0.004167364573042491,-0.027902644756273555,9.180233987187238,-0.08088145848937027,0.00015088956499499745,-0.00195951297491158,0.022118419681060618,0.07634850215268651,0.0046085071324362195
2003-06-30,0.2842875103747266,0.001076150643707195,-0.01758352812482397,2.5983120083429188,0.01083287718036701,-4.784070029626522e-06,-0.013102979635428997,-0.002921419760973115,0.056156932525104716,0.0010652594985502404
2003-07-31,0.23138381439796554,0.0008004191335962797,-0.01487545422504973,-5.4061428203915485,-0.0030072324265085332,4.1608640796379845e-06,-0.0021796346879551197,-0.013686655808022212,0.022235222726046285,0.003154152769809418
2003-09-30,0.13713276467556826,-0.0012575043078815425,-0.006646520846237874,18.92347050997612,0.02126662446393278,8.449391765039763e-08,0.0015704661758412174,-0.000839820540454405,0.03502982779976601,0.0011645571011115363
2003-10-31,0.131811120311519,-0.0012953734369258191,-0.007342451314580386,-1.454280776711698,0.004262026599724171,1.9024880844469104e-06,-0.002812677354027552,0.020215246811076355,-0.002233504171705733,0.00021625025184242135
2003-12-31,0.2094069319970836,0.0023117359911321495,-0.01496294811787687,25.96211047008823,0.0032432227806774086,5.417472127897561e-06,-0.017636612914701807,-0.0025938139474825893,0.05519219803579586,0.001728659739238873
2004-03-31,-0.059482854406086715,0.00010589077914526586,0.0025345453015590577,9.584137591805115,-0.013196700793327364,-2.159101636619391e-05,0.004331069035142459,0.03517100560256376,0.004330209757298372,-0.0010921472053752345
2004-04-30,-0.046571177444351096,-6.891664490402011e-05,0.004149972587817442,-9.121737277093331,0.00785443622222769,4.18722992960506e-06,-0.008434333923402476,-0.008101339437724191,-0.00979218602483536,0.0005295645515892228
2004-06-30,-0.1349041432457671,-0.003250959883515798,0.007496348497885782,12.112491570509807,-0.010181609593866915,-2.576181815375548e-05,-0.001935189721047707,0.01870472582306625,-0.09479255001507424,-0.0014721896488721314
2004-08-31,0.18122139920849809,-0.0010721860211576006,-0.011617462634456774,-11.85974253720364,0.023347280475326443,-1.3683153229805271e-05,0.015901268399353387,0.0045057016233483755,0.007627328350653565,0.002203995788535535
2004-09-30,0.09369857126282922,-0.0012050349261337183,-0.0055361519429592875,-12.774352224960783,-0.01898035417916467,-1.416546190124802e-05,-0.0027784420889471395,-0.016727820744681262,-0.010053116899963757,0.002239598304575464
2004-11-30,0.122111550309717,0.0013219131088048014,-0.007609747214969085,8.643623100935313,-0.006924582450369601,-1.7492421285868134e-05,0.00660565037458238,0.052188007376368195,0.036900552577371334,0.0004724660379207106
2004-12-31,-0.0928357004563801,-0.0017052893279562685,0.003684167252978667,8.842413478023303,0.03926920803195695,1.4240283928140132e-06,-0.005859367957005802,0.021704180774463077,-0.005559462402836695,-0.0005265872338080205
2005-01-31,0.02657606387466439,0.0001873247021221587,-0.002000764891562103,0.02909906815871932,0.02954041255965486,-7.183894430104574e-06,-0.005089410049206931,0.02104985698892064,-0.0012124827901003406,0.0012017401473114475
2005-02-28,-0.05990529403744929,-0.0010823641369380522,0.0010829681766857994,17.57793877195143,0.0074615402293103286,1.8784802233506992e-06,-0.005346094935888978,0.02065783467753928,0.0059135159393706345,0.0010613034767439197
2005-03-31,-0.13490871167189705,-0.0011906930812994106,0.006928626834296893,-8.785923930057036,0.005677465622595161,-1.7934236515314198e-05,-0.005456127254409455,0.0034770619393729345,-0.0169711448540951,-0.00046868962319909286
2005-05-31,0.0968996395790349,-0.0005019383616189798,-0.00553317522178015,6.605601297273063,0.01968889952121183,-3.382207589724376e-06,0.003092881549043922,0.023562807827698484,0.012014588575046404,-0.00017994633941397504
2005-06-30,0.19316086545171934,0.0028259984300122378,-0.010158157919595526,-0.893735615906452,-0.0004140138153913048,-0.0012936619805214307,0.0027095939724676036,0.015698882094677787,0.016122328988861928,0.0009022769465256595
2005-08-31,-0.0009521411208076446,0.000444469725462006,0.0008753442889913108,-9.012144486596384,0.016369545814165994,0.002654404239144637,-0.0016401978442610547,-0.010828772414934039,-0.0013054611735154795,-0.0002102721462174505
2005-09-30,-0.037702823354152655,-0.0034708812244500565,0.002522083977683607,-10.08714398811213,-0.00048311473250658147,0.000554792655285876,-0.0011599251249807625,-0.045125495349402474,-0.014918290232705527,-0.0005528735436489378
2005-10-31,0.06486100609438368,0.0008316691502174097,-0.0020556288272189803,-4.34074168218377,0.009267532492570498,-0.000100399089101344,0.003231074623172416,-0.024685936517071544,0.004060836739349672,0.001412019717621565
2005-11-30,0.07538412583251347,0.0003207933440594125,-0.0062952628014479465,-1.2661061902790123,-0.0015060999795466793,0.0027863063988374116,3.736586966525438e-05,0.050092424533252945,0.0015427749459042074,0.000928042516314182
2006-01-31,0.03376181037942935,-0.0003547968069492597,-0.002561476113203167,4.961606325939309,-0.010811972514770807,-0.0012848675854505915,0.0015923378730606317,0.012780765878167033,0.006954428600124109,7.292923168866541e-05
2006-02-28,0.12001000398894286,-0.0005107437842668516,-0.006577778531750613,4.341774430248282,0.008947290375451984,-6.68383789160938e-05,0.0002699961558672207,0.007524030732179602,0.017964827616162013,-0.0001135169779811032
2006-03-31,-0.06663217605364402,-0.0003711298151371027,0.0042406845901636755,14.403289736991434,0.004846411625611864,-0.0006024645850686715,-0.0004957971047439466,0.024135269659132097,0.016193830989542156,-0.0005536886164771015
2006-05-31,-0.04673404383483521,-0.001927949191804181,0.004082941455646009,7.06370839258463,-0.004926442715319991,0.00016296964027721512,0.00038649616003298817,-0.0022607136766604305,-0.03263771715124025,-0.0009500214378160699
2006-06-30,-0.07782913755664926,-0.0017241701376391164,0.004964244238692485,0.7357726039139894,-0.008734239737362932,-7.726131808329415e-05,-0.011937121836414712,-0.010777936637010554,-0.025255324529115258,-0.0012626961819853305
2006-07-31,0.06399301866104194,0.0026043656383072994,-0.0022065980232981925,-8.291238988172768,-0.02907092251013781,-0.0019111974622194844,0.0031014979188333353,-0.038614139046853485,-0.006035803982911429,0.0010706045211792748
2006-08-31,-0.03098620795229338,-0.0010504872631970743,0.003699244492094766,-6.652552994559844,-0.025007097889885633,-0.0009742202730483561,0.00013566900962984466,-0.02322297192049277,0.019026082968746617,-0.00021806485280537405
2006-10-31,0.019487812497690875,0.00034538174431406163,0.0015937683495232317,-17.07039276023889,-0.011461233826824218,-0.004552249111642556,0.0006074903641761311,-0.003484517868855086,-0.01589764792556692,-9.025159520169713e-05
2006-11-30,0.002398980522922478,0.0008163677372953836,-0.00018818620960417626,20.44380117313396,0.010861765318087746,0.0002428739082533096,-3.1062535373178564e-05,0.03722394678969193,0.013074283433814771,-0.0010966562342209143
2007-01-31,0.05053262260636709,0.0015301776018958834,-0.004182314241163841,1.3961204475553037,-0.010725691110130777,-0.006752449041315215,-0.0010135238003832004,-0.0033012641505446774,0.00022804054487870568,0.001121393571475023
2007-02-28,-0.08017732620022623,0.0011003568544383883,0.008276178369671362,-14.542438431782298,0.01866247266049372,-0.00327938534130916,-0.001497506434503417,-0.033374504046572676,0.003322311032941811,-0.0018358447389956766
2007-04-30,-0.0293408779024642,0.00010478108384320286,0.005310919719281512,-16.721138772738684,-0.0027788014971815455,0.003969316328636075,0.00017283706558669673,0.009055789672197712,-0.027797494373022973,-1.54784949587715e-05
2007-05-31,0.040534423159291205,2.2055286707733297e-05,-0.002772925351675373,-2.915386249379185,0.0004421344673100608,0.001361684556632258,-0.000314646006774652,-0.029856510933092977,-0.010641003293685551,-0.0002087741192102605
2007-07-31,-0.14024570880282755,-0.0009795389224620753,0.012773531826791638,-13.781480686620933,0.005016450163289265,-0.0011426644474906284,0.0001829380668579274,-0.04500621916475762,-0.02668294490027067,-0.001719728681795174
2007-08-31,0.004125685879700938,0.001596112619224885,0.00151135830455362,-12.695720555821206,0.03371146180183578,-0.0006324640500984335,5.9229227272155446e-05,-0.026355803568433717,-0.005635460243205852,0.00011261610864452734
2007-10-31,-0.24882523743951265,-0.0016124238974194707,0.014133418896571676,10.578153707963688,0.007282891383922059,0.0026686240533805488,-6.381142559465968e-05,-0.07626694525135971,-0.016701388431799025,-0.0008574104455907032
2007-11-30,-0.01136206524532742,-0.0011164773219009712,0.0012964919381092995,-8.467502494478952,0.02400527980985128,0.00048601666340523475,-0.0001839444418505004,-0.025120273521711887,-0.023152164000292675,-0.0003939878420719911
2007-12-31,-0.09928191285075601,-0.003699384237933853,0.0032195403113871777,14.534589051806934,-0.061724308625470944,0.0012292256656992297,-0.0004991808790593736,-0.0008304647223648485,-0.03101809161428258,-0.00017095619967229264
2008-01-31,0.04334023137208072,0.0023058246986856503,-0.005232257261249127,-9.588561539446303,0.024617235747589564,0.000209935451920711,-0.00027462499227628653,0.004276100355741707,0.008547016289891103,0.00028849287207881086
2008-02-29,-0.08583915093254504,-0.0029371304828237567,0.00703716990225815,-2.289774336906492,0.006374308852538655,-0.00046165971825783505,-0.00023691151653107268,-0.05100782039520494,-0.02117723679742898,-0.0008673612206034012
2008-03-31,0.011355017871062106,0.0008375516119316255,2.9822436931478073e-05,-1.7779272885008883,0.029942446240971744,0.003875871390474471,-3.094439137409252e-05,-0.004118929570213757,0.005936693554602402,0.0033617990337631676
2008-04-30,0.07750924603026292,0.004722095994749193,-0.0029405490664898633,-6.321010358293789,0.02456266877988294,0.0013167239077287538,0.0015701925886262306,-0.010708245958243897,0.029157117377853228,0.0008255328731312818
2008-06-30,0.023410832580821196,-0.0018422941737216538,0.00034657037871472444,3.916930966037263,-0.02355084242354622,0.0026227306047193547,-0.0048746171284417645,-0.020511008211563857,0.011686770152879429,-0.0006850346069903833
2008-07-31,-0.03211198834012767,-0.0012331076958666727,0.0033427633005646802,14.01988296604151,-0.02637118342004207,0.0011723259951541007,-0.009138344462100777,0.043324512821525635,0.015296593577462736,-0.00027965435188869543
2008-09-30,-0.27888901943693195,-0.0030611261993044162,0.008552557944778778,-1.814447315618696,0.034375933077634896,-0.0009494776946491648,-0.011414586633671047,-0.11231018227276382,-0.02773296471049433,-0.001620012360106127
2008-10-31,-0.38961150700040714,0.0008044554598793901,0.02332653001290523,-2.847311132581049,0.045030560050316304,0.0021434309425145764,0.0007685847209147287,-0.045950958250886596,0.0005287909336978546,-0.003629714141444686
2008-12-31,0.10649884364333699,0.006341193444661381,-0.01902316466399762,1.3342555570417354,-0.02475340441983868,-0.004300693525899483,0.00553384216815994,0.046903788010034,0.07986393197468994,0.0038183845439091384
2009-03-31,0.34526657941808303,0.0010914565936249955,-0.029774253031858336,7.242543068772294,-0.31437971823488603,-0.0017290959771110337,-0.0065661581325628104,0.21055439351341756,0.053955630378592925,0.007660748510949827
2009-04-30,0.22373222925896652,0.003568728138279162,-0.018942084840582823,11.125758343316921,-0.11949906296995942,0.0002519350253794777,0.0014131508417234648,0.01989283662094346,0.03932054697190058,0.003507241503345172
2009-06-30,0.06383536509940349,0.002444541600454922,0.0006312167059648363,2.029408197511522,-0.056529518789331615,0.0005714106737665993,-0.02189662011862078,0.05464770643610791,0.010743720846916806,0.00019813043097240599
2009-07-31,0.2279848478115156,0.0002338007285764515,-0.016994748694822818,-10.722540109638446,-0.09428802995695655,-0.0002377500067942168,-0.01832310970053367,0.09214824830372334,0.023705193088489302,0.0018681907353242182
2009-08-31,0.12248472833936969,0.0022396243396035735,-0.007844405533412173,1.4030867478339477,-0.03814838084746224,3.3672460737598205e-05,-0.006731794944782562,0.02975177017591168,0.04574169147617156,0.0021099755185913106
2009-09-30,-0.19762866377729857,-0.002597177195418432,0.010560997923749439,-2.9971797124906026,-0.01598567255368957,0.0005691991784022041,0.0027093728755205717,-0.02531263230291885,0.018165868956268275,-0.0007216410753304115
2009-11-30,0.11082777658203402,0.002825264496831517,-0.002421372513691315,-5.553145410506845,0.0035563984451413974,-0.000293286304227776,-0.00012938897046258532,-0.018562612397221054,0.010615555560822,-0.0003497516690073958
2009-12-31,0.16095321612543131,-0.0011822693440597387,-0.01562898994413737,12.506718796319769,-0.0024476102114624064,0.0005201517885832622,-0.00016653404604518682,0.05375697559400135,-0.00967052182704986,0.0018164711243263158
2010-03-31,0.4162210826577887,-0.0006701215999563803,-0.028575857653796968,5.944393244022265,0.006438839452023311,0.0005250171276962983,-7.882456231994632e-05,0.07018898599772812,0.0004279535617350545,0.0022529650099928486
2010-04-30,-0.12878749492131344,-0.0008574886535236743,0.00497014595590328,-2.875423743424565,0.0002489538443831326,-0.00011032023971227588,0.0002374840912142317,-0.035778364517316155,0.013865212842569736,-0.0009128826581597551
2010-06-30,-0.08246492752060569,0.000729458505732955,0.010654216722332147,12.5832043041912,0.011020074497026432,-0.0009826593182209323,-0.015200183614966629,0.02535012726059103,-0.0037467083854194343,-0.0014806870504436732
2010-08-31,0.12439440321772191,0.0024001157214852955,-0.0030359556118456084,3.5199057666013402,0.01139730289575334,-0.0005138724369908889,-0.003335161842850107,0.013484738065488357,0.06813143691877573,0.0012644827497340374
2010-09-30,0.06145694798906935,0.0019025646026004605,-0.0011115265739635872,-1.3036896912961906,0.0001281011479881286,0.0004957926072995708,-0.004795865706720796,-0.00033628696875369904,0.0011189071763130197,-0.00030681159840541386
2010-11-30,0.08245000121016541,-3.772891102745302e-05,-0.000509882211362668,4.3894450770959565,-0.02989372676445387,0.0007458329225073833,-0.018179791955072123,0.03294963883117722,0.034732353109093526,-0.00029323955277019544
2010-12-31,0.10506710286950298,0.0005581314873026877,-0.00917518312864473,16.607616694290236,0.009237927251081187,-0.0005155375290347132,-0.02771935572688766,0.02408846369404201,-0.010189447536297866,0.0021618760426503993
2011-01-31,0.0058435132662304845,0.0007856537657820971,0.003206592189055926,-3.9194271732954182,0.0035687699203722015,-0.0005574316751710807,-0.005395091375526321,0.009465208938916166,0.01796855116791835,-0.0008843832471618337
2011-02-28,-0.003114503061312302,-0.00012492040673195103,0.0007222897064146042,6.9841113775695085,0.023314611063183534,-0.0013781741562402033,0.00543154719159351,0.007644084902047066,0.02265440689443581,-0.00032600191217184795
2011-03-31,-0.09535977751230891,0.0020026979654412334,0.007824612510881446,7.977541718330559,-0.0016261188089652693,0.0016313070972108735,0.010374662277208208,0.013320023518354323,0.03131336099520036,-0.0005118836880456037
2011-05-31,-0.050081484800133066,-0.0015786100491354486,0.0029775423583510994,-6.888301830474162,0.015445525227792863,0.0024272236337881904,0.0034867300787460795,-0.009923158524477057,0.0039832855325605526,-0.001053963225120842
2011-06-30,0.08187235846149732,-0.0003502133302468858,-0.007412656073154766,-8.350461893959487,-0.003540284183340693,0.001171453176880284,-0.006453315710855189,-0.01130112604967659,-0.024826346805694486,0.000530254435865363
2011-08-31,-0.1833013837189727,-0.0011703775503926843,0.008525753471692685,-12.518326337329428,-0.03338037928774701,-0.0009246893957459486,-0.003997693273747438,-0.06207078637077334,0.01581761558703168,-0.0009239018568296272
2011-09-30,0.18744947128269773,0.0009608688984908594,-0.0025500153654958854,-16.148466511269202,0.02599979451227356,-0.00033916430731945903,0.0005889994420858332,0.0034513912586220017,-0.038717431148639986,0.000983820456415183
2011-10-31,0.027865580856308816,-0.001824022401043142,-0.0013590215030192033,-6.533884867107814,0.05062404556393648,-0.001996977012305841,-0.007293009989653369,-0.03153371951182725,-0.037580067431587906,0.0008620801507504512
2011-11-30,0.05027598937576656,0.0002212507354262924,-0.0030273046449156623,1.8425336932381342,0.011643746720648888,0.0012086170576671466,-0.005612586780134628,0.00046602952098882475,-0.013064077830397168,-9.853669701487285e-05
2012-01-31,0.04808717612273557,0.0011968225890974034,-0.003972543018332447,20.0333983924786,0.014657967976491538,-7.87798385640614e-05,-0.0001907012793914692,0.03514122232570638,0.02170568419607331,0.0016858280875587418
2012-02-29,0.12311436470041316,-0.0004328490496881616,-0.008022123644605843,13.559147197492347,0.03662685079830391,-0.004916909175450387,-0.014655314664308298,0.005736363216695075,0.02380122222043309,0.0007798184781604776
2012-04-30,-0.04579851427785038,-0.0008412776937769441,-0.0009257286213822983,-3.553517155933037,0.06039840275708517,-0.00035649103432970034,0.002512361936464166,-0.006818878974692682,-0.0025388513504326716,-0.0005576128762232727
2012-05-31,0.04909863007473519,0.0007600146475397241,0.0006958960093167283,-3.4205996435281114,-0.002155281260380057,-2.2742832894725106e-05,0.0016836586039248522,-0.017185783948210853,-0.006145476112762283,-0.0007903975768708277
2012-07-31,0.027360499837556975,0.0007255064600819425,-0.000946016789240527,8.459550490705114,-0.0029628362761168576,0.0004257936217871071,0.01490379087449876,-0.0018252774996300337,0.023238318087599158,0.0006488170699305357
2012-08-31,0.17036143019115266,-0.0005812121228004456,-0.009516531920683156,-13.172876392397095,-0.016803937585562492,-0.0011395569131169726,-0.009291206826293162,0.030599834342539614,0.0036270851516541913,0.0004329900191539724
2012-10-31,-0.0629596513979562,0.0011484107733240976,0.006122691125081631,-0.9961594646027729,-0.004251175447700396,-0.00017190253656082887,-0.01824606944854097,-0.03207364554190216,0.006676706316974502,-0.0002593712467548841
2012-11-30,0.019492084541877886,-0.00043412194358265503,0.00011665440970229038,16.942514170702875,-0.019857122430037975,-0.001043894630687517,0.0053497311625600764,0.02618770916937829,0.011513860488020475,-0.0004900881103221474
2012-12-31,0.17863361431490635,0.000517165798740475,-0.009751415579353639,8.500901073335507,0.010669633981671195,0.0006744582140616994,0.0015845478731608366,0.014536867340654973,-0.0051302990212632425,0.0016483653428882332
2013-01-31,0.0256911429156819,-0.0010350392250968216,-0.0006318874841871095,0.10954415439894201,0.011667753272794094,-3.802477032751269e-05,2.1160393752818552e-05,-0.01532333348485339,-0.00939337023385736,-0.00011850976058278913
2013-02-28,0.03565739293513853,0.0006193300761136347,-0.0006828243214283879,0.10652154408192646,0.04664395430729993,0.0030981734329334413,0.002903679642120692,0.03750366358533892,0.022289670636166735,0.00010020380908926817
2013-04-30,0.1428595776470596,0.0008903250379462263,-0.008460846299852868,23.614529043432427,-0.017532603650082006,0.0010094873391985918,0.002474902537670387,-0.008755500765569158,0.03501884776517299,0.0008873525809451001
2013-05-31,0.033692713763770206,0.00034952626169937356,-0.0022667184298488,3.6910744176776533,-0.00207883124425949,-0.00048750471651343397,0.016631639505516566,-0.014422551922150813,0.015726722575123274,-0.0005322004109051397
2013-07-31,0.038286432188200915,0.0007551471291409436,-0.004743972914968292,-9.097289135381265,-0.00408945998694651,0.0018538645642859114,0.00723356710767111,-0.008492714787896868,0.004213285616699539,0.0008972717483028381
2013-09-30,-0.028333506502477436,-0.0010354961519389442,0.004741542913112237,11.846082997610829,0.001063372534741356,-0.0011798545384238439,-0.026388406569530867,0.011761907192654356,-0.020551252353905137,-0.00076125905466473
2013-10-31,0.13137314073308368,0.0001626172664824843,-0.004959122705918283,-12.396743566030061,-0.0017458423132551307,0.0007265736174803929,-0.00154429826947804,-0.026838275782600753,-0.0022483910395580155,-0.00045598376757066146
2013-12-31,0.16021253698820498,0.004100153865430784,-0.013384606934441823,-24.617241311425985,0.013950407222377321,-0.0005044352613441947,0.022119671327301395,-0.018926959797846057,-0.0019593390807050412,0.0017214393219254158
2014-01-31,-0.014913024653352104,0.0010078741406131747,0.003064290137401082,0.26107167294447303,0.017526843710359938,-0.0009353753793296009,0.004224427479930417,-0.002377524623489533,0.01970508907130216,0.0005031981396946232
2014-02-28,-0.02168387200573314,-0.0035578240851751345,0.0018009092539196623,11.047125923916248,0.003139379325881162,-0.0011790994356518584,0.00021691262269240378,0.009272202549460469,-0.029616269272992088,-0.0004973051607164645
2014-03-31,-0.13132381819364589,-0.0010888465461773187,0.007404089507772726,-0.011826627822809799,-0.021502215229161185,7.096592691300313e-05,-0.003241872184138252,0.059323863875033134,-0.02211070457073916,-0.0004285563962051411
2014-04-30,-0.05549676703672344,-0.0012949766460603875,0.004998918379272892,-18.097457850569565,-0.0020174702121855616,0.0009284493198418357,-0.0003942732826967115,0.017425209652055396,-0.008910031342002758,-0.00019465127149162058
2014-06-30,-0.035715281103950176,3.818406843671459e-05,-0.0007668449834547564,-3.926018519272068,-0.0017999773250976028,0.0022822922450167578,-0.008227440207332706,-0.01994586539103477,-0.007001771583218675,0.0010526400762656683
2014-07-31,-0.022366404114960797,0.002484062194727144,0.0050949587805433445,0.7582798119364351,0.029946929779825993,0.0006711071304365044,0.003949347898636089,-0.03146081207273431,0.004491436054947588,-0.00045279966301722515
2014-09-30,-0.14332415704661672,-0.0020934574594316663,0.016186402508653677,8.28709013387281,0.0006260502080192168,-0.0010031807241210643,0.01195579512908231,-0.01755915327785649,0.015595954165625744,-0.004591928905166253
2014-10-31,-0.11345497184181894,0.00022452217504000525,0.007926133240493238,-5.3188315523245455,0.00538067283013144,-0.0005651345360280254,-0.003469749344607254,-0.004402120801801907,0.05309662504255381,-0.00016428167362689546
2014-12-31,-0.10971377946009532,0.0011365407662193166,0.004541352125204421,-0.40930746470927365,0.04210481986168764,-0.0006346545804026662,-0.0008733164937706433,0.00799382920251411,0.04326667582830826,-0.0007200038489695627
2015-03-31,0.07081790087667424,0.0004238190664501891,-0.00618547387630009,1.7748355804837597,-0.05526237741962951,-0.0008741837270092393,-0.004010772044162339,0.010640156725609702,-0.03318561607234371,0.002148214988943378
2015-04-30,-0.05536478160483743,0.0024593391854033798,0.005703415619018474,-4.351198051118273,0.039886110702158944,0.003445871074422288,0.0006806952509400021,-0.011819025868626648,0.017158018363491092,-0.0013881860072261604
2015-06-30,-0.16244869328211767,-0.002230682663280024,0.012514550928541585,-33.54571669487082,0.060847979972298856,-0.0005527863666215781,-8.588392006165699e-05,-0.03635722952410216,-0.009464548738964776,-0.0013552593656827579
2015-07-31,-0.01579053686438718,-0.00196996642881706,-0.004025929151605661,31.267645948147404,-0.00583823852930315,0.0011378301675215295,-0.001871810463539269,0.006269581842861978,0.017196136070620666,0.00022930397130152785
2015-08-31,-0.11271555615974489,-0.0061418597131546095,0.007531542446840613,-12.27016818230174,0.028271428602645525,0.0008585527233819788,-0.004993595982393464,-0.07483971459789789,-0.030529553806374777,-0.001790216194397968
2015-09-30,-0.03754364452439019,0.0012336027227288565,0.008136848737530757,-4.23555465862447,-0.035330683658499944,-0.00126996304375108,-0.0018852404752814466,-0.0016711746609324866,0.0033853336291234676,-0.001112784620956093
2015-11-30,-0.094157480032635,-0.0010811152937806516,0.004143271546714881,-4.393606347343168,0.0134845489038857,-0.0012389440189445305,-0.0008571896845617772,-0.03307878964313236,0.03109501315055495,-0.0005495864196428058
2015-12-31,-0.11785009749324489,-0.008098272184099182,0.004132817811980779,-9.745144101761056,-0.007345417581210783,-6.999288470744148e-05,-0.005624439885640624,-0.04304148810798471,-0.036246876801153474,-0.0005014431791414849
2016-02-29,0.18063248828311043,-8.55138445749499e-05,-0.010389497665878912,11.395333247531187,-0.07716991385732128,0.00028099600610666703,0.00013778906039732275,0.06536372300416382,-0.030681194742172794,0.0025811018997407387
2016-03-31,0.15857494864163035,0.0029313156673517124,-0.010318522861525927,9.356066296466192,-0.0640043104543064,0.00029552597287945076,-6.669854660826713e-05,-0.0019966596320189194,-0.040885360449131485,0.0016193998611597042
2016-05-31,-0.0010265119099244447,-0.0018039608906185714,-0.001126254225232704,8.085773683419129,0.03218062698016146,0.00031152019390308697,4.972200098674929e-05,0.012018332621541856,0.011342249432135444,0.00023077011177269135
2016-06-30,0.0923685186205771,0.00046096131452434924,-0.0038019345539303732,-9.049493602530228,-0.02906636773748491,-0.0006556485224600406,-2.281039629143125e-05,0.0300644309645859,0.04698663243933553,0.000417330969868288
2016-08-31,0.12927790802184325,0.0036380122835023804,-0.008477527455550967,-5.890883393936136,0.005136261477115132,-0.000481462023894307,0.0056312193339533795,-0.0008536166425818166,0.01880511936717672,0.0009908031248008898
2016-09-30,-0.08853867387473965,-0.003823956653365133,0.004755391636150506,-7.168374844353013,0.009021410064014832,0.0006632187374606146,-0.00036001557648339074,-0.008875224252545976,-0.05660777799293023,-0.00043082402476073226
2016-10-31,0.30025860749132943,-0.003726427688507323,-0.01279265927251169,1.4829828769482332,0.01804400550606837,0.0034567561063736096,-3.474243692620529e-05,-0.021358101571221366,-0.08382881858279961,0.00019114972961720633
2016-11-30,0.09758029731230022,-0.00121214952371314,-0.002765086854193784,7.598924456010676,-0.011349659959985327,0.0012754809082201803,-0.0007004864750887235,-0.0032705756325161197,-0.07693863236271617,-0.0015886571963471573
2017-01-31,-0.07695166941168981,0.0003102833591976456,0.007508664323415426,-6.168526995973549,-0.008800192814170774,8.057918819650978e-06,-0.00011802559673940048,-0.007016822359620191,0.040036697603047885,-0.0009181178171249836
2017-02-28,0.05267958890410324,0.0026413577282730673,-0.0022024968454288025,-12.658050427106867,-0.012277594177696548,-0.00017704659666259722,-0.0008053282543767382,-0.015889612869116995,0.03613236499870724,-0.00045477696037070993
2017-03-31,-0.0904811710388613,-0.0024223453670370798,0.00834331666986157,-1.630870427213663,-0.004500416635511981,-0.0008683791448320958,-0.0012299583701735942,-0.017948084437833772,0.029250794048483165,-0.002015594722649738
2017-05-31,0.06468807940746893,0.0009743034380964801,-0.001183674429774316,7.52846416655921,-0.011294976501059383,3.700268695346643e-05,0.004337692410308445,-0.01658067074467789,0.005680123212657391,-0.0013077117384054768
2017-06-30,-0.07574011687225131,-0.0002589311788228318,0.005882343621926294,0.6180051887480501,0.018195231024784188,-3.128289323902504e-05,0.0008520118175164015,-0.011740557102243875,-0.001031715913904462,-0.00044072011636439443
2017-07-31,-0.09937512109935588,0.003456212614140396,0.005710736776239954,10.684095936343544,0.007823020647472445,-3.883956258090023e-05,0.004124282610916799,-0.0009212834867637351,0.03981233916691445,-0.0006389441603383626
2017-08-31,0.30432777102214487,0.00045039837756420534,-0.017815018761523853,13.129663657981911,-0.008605756397819868,-0.00017245554346135593,-0.023915659401541847,0.0032051573909141345,0.010519792449113946,0.0015051688681400528
2017-10-31,0.06528748259367947,-0.0010966560419094886,-0.003355467542243127,13.126312224816086,-0.013545175343137855,-0.00014618656923799805,-0.005221249580287973,0.00460242019205809,0.017367959723999658,0.0011564691058562585
2017-11-30,0.027283033248975026,0.0009221397038668347,-0.003825414501086941,0.8774263048211652,-0.014852601559547443,7.563386962472968e-06,-0.0025896342218212965,0.04269831476776172,0.03172617719137866,0.0018199849468194709
2018-01-31,0.009938183014703299,0.0008665122824977431,-0.0035936467484992815,7.41158587340446,0.01676830278114922,-6.378542437843154e-05,-0.004217477774247994,-0.030652313256131457,0.01138602394901187,0.0007873638620203219
2018-02-28,0.12455906101359142,-0.001768919371536562,-0.007786512529779569,-0.591381979698709,-0.012176009151240834,2.6213678544219942e-05,-0.0018666983071758015,0.006544122899765864,0.004674888897973847,-0.00020360155582708944
2018-04-30,0.22388155695331985,-0.0005491551063147152,-0.013054406556641581,-9.323981075718304,0.03297013489419023,7.745138975136466e-05,0.004024890917380016,-0.025511603050935992,0.05307172229560019,0.0009498631645242178
2018-05-31,-0.012459161781363541,-0.0008414515814531772,-0.00043596572630495305,22.515242531998084,-0.0019748836056219573,3.3838774756340813e-06,0.0030105802134983393,0.03134692781259461,0.04062055356772117,0.0002124918601577839
2018-07-31,0.08523402424281101,-0.0017523100933676124,-0.004004809363395585,-22.30002249024703,0.015543423886197736,0.000987527999453481,0.0011643654901593973,-0.02560050225474595,0.06979607962745604,0.000737567091054828
2018-08-31,-0.046332023038162126,-0.0016342175519235124,0.0004810433742535883,1.1370809954271441,-0.0037480579522881593,0.0004441971153837087,0.003050242970597246,0.02592552048897205,0.019735369237734234,0.0008921125116898181
2018-10-31,-0.2249982086329501,-0.001201072822351712,0.018344040131186887,-3.7465280032695323,-0.016022851929282555,-5.417376862186873e-05,0.007873660204514483,-0.013044023220451438,0.012170393704697628,-0.0024687326705521103
2018-11-30,-0.2800979685479816,-0.0012097152344117484,0.013835662975933732,-16.36638376404553,0.010632178932527242,0.0004116426589171311,-0.005552956081310065,-0.04659824312963175,-0.0023097704338834297,-0.001953657932532725
2018-12-31,0.4835744457063617,6.919057931338995e-05,-0.030449460705747132,1.9542423569607261,-0.03331111491475137,-0.0005395889216505034,0.002728767908128174,0.05631088394702607,0.04625250693551143,0.005032825098213757
2019-01-31,0.1089075873818009,0.0025146406255873183,-0.004041764423330051,2.830797170216285,0.010920865196575029,0.00025361957848298245,-1.1286667481023578e-05,-0.017697740432962704,0.021095195499371798,0.00047255567030855095
2019-02-28,-0.09698914550957814,0.0035135748800621575,0.004802837401427141,-6.541781967228708,0.0064413277474748894,0.0003337532230888454,0.005734477550492565,-0.006184206968447346,0.01975772032898855,0.0010436623196905619
2019-04-30,-0.1608708990679694,-0.0010054125989902032,0.0071314292121537285,3.3763534321061948,0.05661369951798782,-0.00016173498261874185,0.0010997928134745191,-0.00760370878578321,-0.020502603051605346,-0.002103925589267728
2019-05-31,-0.048878266078773616,0.0009074886430220346,0.00850744928205095,3.1609438513101575,0.0018768268901208215,0.00040559030489331865,0.006246471129486363,-0.0016974511720205749,0.005348645037479269,-0.000582862997913786
2019-07-31,-0.11400929065588164,-0.001145607366906362,0.004626655580231393,-10.050788467559165,0.01903738504036386,0.00029664515546294856,0.0030126216360974534,0.03171121036192515,0.02405565891612277,-0.001099051404598782
2019-09-30,-0.1118511150571925,0.001953902078479813,0.010261071542820252,-6.6737109749686745,0.004766760877230069,0.00015066093540757597,0.007678102860920209,-0.01854468897961119,0.020312295215173068,-0.0017927931761520554
2019-10-31,0.02091014747317861,0.0054435595239183555,0.0008242054889775988,-3.948853176629943,-0.007447897101746623,-0.011739725360736922,0.010780775291112989,-0.01208689087384774,0.03258128016005535,0.0012954121137136155
2019-12-31,-0.09687933157228512,-0.0006462974389345627,0.003921743001817782,-7.469752720053631,0.011424998699867713,0.001704053874983413,0.002185916785089329,0.004919038808291633,0.029741391192960973,-5.900821340474289e-05
2020-01-31,-0.08118837456382991,0.0020481604142967473,-0.0005927440804154065,-3.9571161592012825,0.005629014808029427,-0.0008274121981580805,0.006137274781224085,0.010344814194512178,0.019338080121112964,1.4569271693961358e-05
2020-03-31,0.6498759335526909,0.00959117857691191,-0.0441523756746481,20.837378950654646,-0.013763145225564084,-0.00761430294916573,0.00011155206641515547,0.041337137499273015,0.06571412044475419,0.012309791355096187
2020-04-30,0.122131154999679,0.003621393226618918,-0.00688879764775663,-2.9503978648194433,-0.008894160405985861,-0.002704022276742342,-0.0002707136614836824,0.005926589048091707,0.07590492949164804,0.0027981569632278508
2020-06-30,0.05865654968491018,-0.0007714155850720237,-0.0044044356512350285,-3.07802375136277,0.03169713379948422,-2.9114572275545385e-05,4.819596380381823e-05,0.09654942259364563,0.04055829566499297,0.0010399486991470547
2020-07-31,0.17867153793523882,0.0007779727462288553,-0.011110408241009265,5.670543028691205,-0.024794186871647375,0.0022163469519564396,0.0016409988873885917,0.06571365917731734,0.017356886611224368,0.0018095862035983983
2020-08-31,0.03527357836547919,0.00016474041176882073,-0.004435102440976877,-14.995790139689012,0.011579669468756913,-0.000785639579335538,-0.0009029186105132324,0.0015200314991298137,0.021499281280064696,0.00029826828482224015
2020-09-30,0.11835956738949191,-0.0012838889435947574,-0.0038661283025982645,-5.811402617658533,-0.011279396386556294,-0.0005802784024749143,-0.0004924158224322507,-0.05408746197985562,-0.042782738695084206,-0.0008451951205143261
2020-11-30,0.1602533257388228,-0.000554678081787321,-0.006576058329531132,14.477761816771523,-0.009631925639005933,-0.00027662316626263553,-0.0006505920518021589,0.005620648631208737,0.04588113576229109,-0.00018988331678947243
2020-12-31,0.5007456030217434,0.009931695931474154,-0.03535314229702471,11.58165989801631,0.03244213214438977,-0.0012490954950510839,-4.847043560708896e-05,0.06813236797654894,0.0917279551495933,0.0032209224567130625
2021-03-31,-0.026671221703227662,-0.0017484085671368645,0.003595449691170975,-6.541641224578256,-0.002069889134901362,0.00036942117043239724,-1.2060949818770753e-05,0.029634636839179364,-0.024625413148508506,0.0002745296652706505
2021-04-30,0.10893542073680175,-0.004205451976893237,-0.009639764475996236,57.60488048723907,-0.0017525069796968224,0.00011750844922785487,-0.00022671431822578685,0.044624717114984384,0.02441847918657624,0.0008967032668606782
2021-06-30,-0.19932266473895727,-0.00461694408779868,0.014621814757169675,-3.309315056951723,-0.007553665039671665,-0.0007301658599115861,-0.0004002979719014796,-0.022386092283046565,-0.04146987376486077,-0.002086083326133078
2021-08-31,0.14359278279165844,6.0345130075818375e-05,-0.012715695708067826,17.160855268883076,0.0021341084178506157,0.0018865636110413494,1.7349110645163282e-05,0.018351615895056704,-0.05515385236477428,0.0020507620350945703
2021-09-30,-0.08583606884131723,-0.0021416436275964843,0.00908808119659663,-10.663562714436324,0.013034154903543472,0.0015307587256674444,-1.0709133790877627e-05,-0.019039083523320566,-0.03497211326703385,-0.00042922637491735053
2021-11-30,-0.132787772201392,-0.0020332643213355392,0.012143356570972333,15.686018922353707,-0.013527812467427812,-0.0004528277310927048,-6.52015050533298e-06,0.0434153301434312,-0.055583088741963146,-0.002163578306489941
2021-12-31,-0.031070381228001192,-0.006237644297542845,-0.005824430585031455,61.576651403424464,0.00010030507271958362,0.00019160319112602035,-1.7116188119738513e-05,0.04745736462894098,-0.07131341323744589,0.0017771506280976153
2022-01-31,0.11235105988717171,-0.0013698142852720324,-0.00721250860271205,-12.075860830610926,0.03426149685808933,-0.00010468318726956226,-1.2004353127201058e-05,0.01664880933282461,-0.047942200592884,0.00014112585555195486
2022-02-28,0.08570541523046966,0.004338781831412928,-0.006117370979779673,3.5693569674794334,0.02170392973592329,-0.00036085945578152645,-5.174282450510967e-07,0.023685690596958145,0.0004943589740201105,0.0014965224035597866
2022-03-31,-0.24849491508660293,-6.369276188360694e-05,0.010201765304858161,34.75835668495314,0.06744565304097035,1.6775832852158978e-05,-1.8601127452584704e-05,0.03813003855072271,-0.029899165336238494,-0.0019381272434685491
2022-05-31,-0.012567381525608868,0.005309409661283563,-0.002544505301439991,-7.59102381478601,-0.04905585672019739,4.6810636642813175e-05,3.162091383587795e-05,-0.06098544573868251,0.029376479412566787,-0.000762748886111789
2022-06-30,0.17895726160855913,-0.0009192487113406604,-0.005809660853076987,-16.54929131621113,-0.01838947724183859,7.084982874448041e-06,0.003151826085189622,0.017326590842685917,-0.02825832161356319,0.0014370499087394926
2022-08-31,-0.1107402366725728,-0.0008023401474586574,0.003182945587419453,-14.24872325394062,0.010630447002652955,7.499531346461227e-05,0.0015385613614562117,-0.068688533741371,-0.0022235706329502155,-0.00047254129426321816
2022-09-30,0.04956527521354188,0.0008038616885016047,0.0041681061495439774,17.346122718434977,0.042399909893405724,0.0010418631141225578,-0.0021446068702611672,0.04108831974133266,-0.05734103603147241,-0.0016859565686038538
2022-10-31,-0.09971195792134763,-0.0010090484346717765,0.00874586687374452,2.4672347301029256,-0.010724955550510434,0.00030598334004313375,-7.175769658489516e-06,0.019230458456186473,-0.012700624332630101,-0.0003129896460123054
2022-11-30,-0.017962843257503573,-0.0015619430407922093,-0.0026678212729618943,-2.813257369219222,0.0354325335809015,0.00034163919466920645,9.707627842476015e-07,-0.010118896201638236,0.050567513661088546,9.676822925886092e-05
2023-01-31,-0.05663263377150052,-0.003582368585026585,0.0034119709919677114,-3.047418710395389,0.008189693428250398,-0.0010667912426934084,-1.6286404128851969e-06,-0.009766446623518834,-0.01620482093701698,-0.0011887473615107558
2023-02-28,-0.28124801921528186,0.001899422427272226,0.014723872158474018,-4.590338509030851,-0.001402439592617299,-3.399039544802435e-05,-8.735510132601563e-07,0.03320148921811995,0.05452049790809358,0.00038818135855101324
2023-03-31,-0.05723079798353464,0.004930269904142256,0.0013497723164444654,6.344259495006361,0.017067051890531603,0.00026533752467581894,6.426920474139082e-07,0.026448772743222094,0.03665462687736037,0.0006030535826598015
2023-05-31,0.0524277980438559,-0.0018328236858205073,0.0005291971177741074,5.294323241933306,-0.016590479900183495,-0.0005592655422830125,1.7137403286779204e-05,0.07232451095279722,-0.0123863447098678,-0.0001976342476169584
2023-06-30,0.2592214602559406,-0.002861862694716376,-0.01406448235256041,-8.148133605567624,-0.036368881692924855,-0.0001708822420999276,0.0008008737996986409,0.013444675353108119,-0.031005389523693427,0.0018595122278649578
2023-07-31,-0.14951647758380462,-0.00020942820283728682,0.008175822749489102,12.22719887967224,0.018942375865349692,-0.0005889461917297662,-0.008377519453693555,-0.03062940785134788,-0.0018794310082221799,-0.0016096278123014693
2023-08-31,-0.09358155884272447,-0.0037058756411766283,0.0024609162306165853,5.082231943857798,0.010991740822188612,0.0002167497003226574,0.00092714076891798,-0.036170338664981296,0.0316454782721992,-0.0006574700794523938
2023-10-31,0.273529822578687,-0.0008306910973655425,-0.015007955357181878,0.34551687633063277,0.00826665809087853,0.0001627422572892707,-0.00476446357187444,-0.0063912454577428595,0.004587959145640762,0.0045963906119233225
2023-11-30,0.4573207740412986,0.00042539099546949323,-0.025810269673975275,8.163396044770819,-0.01064064268088428,-0.00037377363976209463,-0.011166296429410364,0.01629974976934219,0.019265379960519892,0.00393593551672612
2024-01-31,0.12173008464455964,0.008024429815124013,-0.006432603577033361,12.253918328442717,0.019585394520982263,-0.0014881984301743764,0.011222008259437186,-0.03340189450157317,0.05022136029104185,0.002282051374521682
2024-02-29,0.07114723082556666,0.0010213030566849327,-0.0016532866232636708,-6.8652968695344265,-0.0059427909877211695,0.00021994446048737362,-0.010492338314405813,0.004589610008215963,-0.003186374048864607,-0.00044760730391849826
2024-04-30,0.06175428047258773,0.001637746284288728,-0.001136861491250575,13.821665426667835,-0.004984878492396112,-6.118643056116622e-05,0.01227946447533912,0.031577881739497396,-0.019233245690789286,-0.0011455983100584297
2024-05-31,-0.07526285964315195,-0.002668166333455983,0.004215606718887184,-5.882469252736293,-0.008705707680996969,0.00010317033767663824,0.0013084701920199437,-0.017943967352089203,-0.0008300314606819063,0.0004330255562484636
2024-07-31,-0.12096526010530856,-0.0008053437228163748,0.007937516365809867,-5.65901787877345,0.027458188951766244,0.0002938474155363403,-0.011289578522338733,0.0013215661952043906,-0.008459742303107136,-0.00022486873658544076
2024-09-30,0.15548704188498547,-0.00017491066482776436,-0.010880464888591937,-6.23756873161309,0.015157524186240064,-0.00011170521855740414,0.019635299898835636,-0.046420268618043575,0.009375318428431097,0.0012729294637998663
2024-10-31,0.14010089047459898,-0.0032689154089079794,-0.001692647021763141,-0.2715289128530581,0.005350776253300479,0.00014522242446540542,0.010100916890021044,0.008803074827032827,0.0007511573254703385,-0.0017086898157166698
