variant,signal,q,weighting,n_obs,n_months,mean_turnover,mean_ann,vol_ann,sharpe,max_drawdown,alpha_month,alpha_ann,t_alpha,boot_mean_ann,boot_ci_low,boot_ci_high
baseline,ocf,5,equal,1237537,359,0.2455783925764151,0.016684686307094312,0.1501708003564351,0.11110473053012095,-0.6008624039001703,0.0020768391589373694,0.024922069907248434,0.8311045319007832,0.011147428756387884,-0.05426154531974147,0.08295764622342401
baseline,ocf,5,value,1237537,359,0.4174365066126048,-0.004145578638568927,0.11900655799073943,-0.0348348755611562,-0.5614372286486919,0.001226616956759852,0.014719403481118224,0.8405347336882085,-0.006526061218422385,-0.04984997257707814,0.03448705069069494
baseline,ocf_kpc_only,5,equal,1237537,359,0.05247346575292677,-0.021403465442747887,0.1346261336970874,-0.1589844768988634,-0.7121137205692101,-0.002648001961508643,-0.031776023538103715,-1.5169279832698783,-0.02722941521558848,-0.07875778281006804,0.022994211452598244
baseline,ocf_kpc_only,5,value,1237537,359,0.13561065039483108,-0.07725118882323731,0.1197442338476823,-0.6451349375327983,-0.9250221197833247,-0.005802326382747008,-0.06962791659296409,-3.5149805673896366,-0.07795999733655803,-0.1322100912288559,-0.03695698215793285
baseline,ocf_core_roles,5,equal,1237537,359,0.5044387877909416,-0.02283550613392165,0.11810596659423409,-0.19334760802030873,-0.7192469966881565,-0.0023944585006693032,-0.02873350200803164,-1.5016213955582516,-0.02873286305194105,-0.07514454027879988,0.019034226314590275
baseline,ocf_core_roles,5,value,1237537,359,0.9189979609225206,-0.029721825372279718,0.12921403903309533,-0.23002009375054924,-0.7572907770738682,-0.0014172006503296143,-0.017006407803955372,-0.7807444160234028,-0.0312501837629693,-0.06992688972170648,0.008258327251879916
baseline,ocf_no_bench_credit,5,equal,1237537,359,0.06199055992602065,0.019869516627413424,0.15810321553619605,0.12567433597113975,-0.5885468644852148,0.0023476048467319702,0.02817125816078364,0.8735466027008247,0.014893377161964661,-0.05357624442473944,0.09006052408689603
baseline,ocf_no_bench_credit,5,value,1237537,359,0.1382557533391058,-0.00437768599185734,0.11423174225542401,-0.03832285059671736,-0.529364414507649,0.0005593845743829068,0.006712614892594882,0.34379472137879125,-0.005613633482039681,-0.046900156605514026,0.03366631588964675
exclude_financials,ocf,5,equal,1007596,359,0.25874117037809463,0.005922874927770174,0.13818809775501056,0.04286096287591032,-0.6958971996209821,0.0011682992057091086,0.014019590468509303,0.4888456250210152,-0.0006357135063111786,-0.05876225948704342,0.06860338812947926
exclude_financials,ocf,5,value,1007596,359,0.44436223045050505,-0.01374468546630413,0.12193068128258004,-0.1127254053018057,-0.7107945686903654,0.0004068864142422637,0.004882636970907165,0.2800921444937854,-0.015982494118062344,-0.05794268522015532,0.0256888071365368
exclude_financials,ocf_kpc_only,5,equal,1007596,359,0.054187306365581965,-0.011793658954087335,0.14698471340550198,-0.08023731639052113,-0.683008615337521,-0.0018937479638777015,-0.02272497556653242,-0.9535571467298403,-0.018925682166447324,-0.07336450688553106,0.03928548367730628
exclude_financials,ocf_kpc_only,5,value,1007596,359,0.1478867515503302,-0.07934094776940608,0.14200745717615018,-0.5587097279756883,-0.9386022359074073,-0.005892848168001291,-0.07071417801601548,-2.921360469065145,-0.08126018053291116,-0.14199824919066217,-0.03523854831510394
exclude_financials,ocf_core_roles,5,equal,1007596,359,0.5204444971527672,-0.020628178886475064,0.12878593387205575,-0.16017416084405947,-0.7406244579877852,-0.0021625167310547035,-0.025950200772656442,-1.213109219435146,-0.027192881982277012,-0.0754337549163065,0.027613740762520298
exclude_financials,ocf_core_roles,5,value,1007596,359,0.9415758458729506,-0.02766787959310414,0.14751769356573669,-0.18755634611908306,-0.7592029534224234,-0.0008363749594135129,-0.010036499512962154,-0.3978116155672481,-0.02874938160406951,-0.07495129825532461,0.018615196845820737
exclude_financials,ocf_no_bench_credit,5,equal,1007596,359,0.06873124928527755,0.0055364634695804285,0.14473019938505444,0.03825368508510568,-0.7030597192111796,0.0011772322097129571,0.014126786516555485,0.4657558517123156,-0.0008694287607080966,-0.058211316151648436,0.06497769976033616
exclude_financials,ocf_no_bench_credit,5,value,1007596,359,0.15032598108963155,-0.00042470695736296447,0.11747420687793096,-0.003615320917248526,-0.5028524090935221,0.0007164583327248005,0.008597499992697606,0.4119930942487489,-0.0030253992271783896,-0.05002513659606085,0.04146427438382898
exclude_utilities,ocf,5,equal,1198746,359,0.24555323540507915,0.01735362186193618,0.15154121439784268,0.11451420612466216,-0.6011490949511751,0.002160565165197952,0.02592678198237542,0.8515757083920953,0.011772029851280525,-0.0532614553452695,0.08375246718468028
exclude_utilities,ocf,5,value,1198746,359,0.41810364115943344,-0.005100682628128335,0.12226734066957498,-0.04171745782802971,-0.5851587355827123,0.0011611240638671615,0.013933488766405938,0.7787350779541593,-0.00747628843837555,-0.05133218585276399,0.03484668339340766
exclude_utilities,ocf_kpc_only,5,equal,1198746,359,0.053102653052360345,-0.022480778704999857,0.13533881911722961,-0.1661073951408365,-0.7280276608308838,-0.002760879078619837,-0.033130548943438046,-1.5864329774850783,-0.028483453717390028,-0.07903396133956203,0.020462884183174046
exclude_utilities,ocf_kpc_only,5,value,1198746,359,0.13839348166842563,-0.0781805318338674,0.12441554699019851,-0.6283823342433763,-0.9320975604030666,-0.005907141108825401,-0.07088569330590481,-3.5229042834562434,-0.07968775886392498,-0.13337619929452857,-0.03883964553318118
exclude_utilities,ocf_core_roles,5,equal,1198746,359,0.5042440315261393,-0.023000308591277586,0.11842026475265098,-0.1942261203293138,-0.7216525657119653,-0.002420899476031294,-0.02905079371237553,-1.5108810814026168,-0.028810672353372604,-0.07390422460654662,0.020142315956127917
exclude_utilities,ocf_core_roles,5,value,1198746,359,0.9175909360575497,-0.03332239076280949,0.12949129327778017,-0.2573330601566197,-0.8059989509331958,-0.0019767775287912064,-0.02372133034549448,-1.0980274815932842,-0.035601939188723467,-0.08000473132883047,0.007254674847957243
exclude_utilities,ocf_no_bench_credit,5,equal,1198746,359,0.06261874507154959,0.020005522561845818,0.15954054069491178,0.12539460174014475,-0.5943448056933275,0.002383326295846068,0.028599915550152816,0.8772014902581828,0.015040833513122258,-0.05293537954799142,0.09101501841152267
exclude_utilities,ocf_no_bench_credit,5,value,1198746,359,0.1402774418115003,-0.006086027281745579,0.1177294826255125,-0.0516950142480853,-0.5405258884178151,0.0003770492608289646,0.004524591129947575,0.2211926023215949,-0.007119665709474538,-0.05254026931912743,0.0340301384276832
exclude_financials_utilities,ocf,5,equal,968805,359,0.25927665937774014,0.004380354631287382,0.13666745615459552,0.032051190199460594,-0.7029280736109326,0.0009968625351564917,0.0119623504218779,0.4198763840425362,-0.0019568267830912542,-0.059066577411148714,0.06924256249304106
exclude_financials_utilities,ocf,5,value,968805,359,0.443870537953473,-0.01142101850193511,0.12375333748134391,-0.09228856962065247,-0.7050774852863126,0.0005253039201989047,0.006303647042386856,0.3534045553181383,-0.01336736179052512,-0.05390432316479201,0.02889269113486187
exclude_financials_utilities,ocf_kpc_only,5,equal,968805,359,0.05481841092872742,-0.013238489970445239,0.1479838206232711,-0.08945903622901483,-0.6827434317865186,-0.0020839117936467862,-0.025006941523761435,-1.062648425247165,-0.02013360839022527,-0.0740449519170499,0.03682692299195631
exclude_financials_utilities,ocf_kpc_only,5,value,968805,359,0.151986462498639,-0.08497766057423461,0.14936884548403537,-0.5689115444312454,-0.9526689449772845,-0.0063845765232357085,-0.0766149182788285,-2.9670254160624925,-0.0874048879618572,-0.15115291443258289,-0.03838437577221353
exclude_financials_utilities,ocf_core_roles,5,equal,968805,359,0.5202135981810574,-0.021678545220015645,0.12908697072418168,-0.1679375160668685,-0.7486511298414311,-0.002330414205881753,-0.027964970470581035,-1.3257140135905254,-0.028262971063840084,-0.07497353170039613,0.025259094531860087
exclude_financials_utilities,ocf_core_roles,5,value,968805,359,0.942865944244277,-0.030287717815271863,0.15613531244357468,-0.1939837781809766,-0.8116518270273061,-0.000856165835255289,-0.010273990023063468,-0.3901240651303234,-0.03170878136322845,-0.08045463695515277,0.01892793497680417
exclude_financials_utilities,ocf_no_bench_credit,5,equal,968805,359,0.06924071140899905,0.0037755985098861695,0.14368032097560313,0.026277770569062584,-0.7199991320200905,0.0010060615607743494,0.012072738729292192,0.39835961917857304,-0.002763583117887495,-0.05926693151682832,0.062357218685201436
exclude_financials_utilities,ocf_no_bench_credit,5,value,968805,359,0.14944343064178375,0.0021915646674574465,0.11988553525728678,0.018280476145467607,-0.4871140578545111,0.0010863054750967615,0.013035665701161138,0.6124701910482531,-0.00035213547134941425,-0.0459427777393686,0.04435890663532779
exclude_smallest_covered_firms,ocf,5,equal,990794,359,0.2798693842825307,0.013745330009514056,0.148504953294818,0.09255805752301255,-0.6248011385357778,0.0019265945498868151,0.02311913459864178,0.7950099219493231,0.009654192063451956,-0.04953944299233094,0.08085629867136579
exclude_smallest_covered_firms,ocf,5,value,990794,359,0.41970590235900324,-0.002390212718575792,0.11635331209843322,-0.020542713185110764,-0.5615772549322214,0.0013568745235340595,0.016282494282408716,0.9610479578942889,-0.006486681604750565,-0.04780247859256064,0.03554184154359955
exclude_smallest_covered_firms,ocf_kpc_only,5,equal,990794,359,0.08277789853909955,-0.07373365309431065,0.1050874622671472,-0.7016408190243406,-0.9144915136208808,-0.006080061530357857,-0.07296073836429429,-4.311575287354676,-0.07585061301748222,-0.1180200128045372,-0.04017953576837442
exclude_smallest_covered_firms,ocf_kpc_only,5,value,990794,359,0.1271826143564899,-0.07564633656472955,0.1158655247176449,-0.6528804555891295,-0.9191649041035793,-0.005714233041074702,-0.06857079649289642,-3.5657399273972397,-0.07563981214439859,-0.12275471806404363,-0.03570048646497228
exclude_smallest_covered_firms,ocf_core_roles,5,equal,990794,359,0.603167923142548,-0.05511258690632326,0.09415613123649741,-0.5853318969520294,-0.8498379520359163,-0.004564338957341138,-0.054772067488093656,-3.6330249830774375,-0.057040293394458555,-0.09489541539965955,-0.02431658326530099
exclude_smallest_covered_firms,ocf_core_roles,5,value,990794,359,0.9069561019610551,-0.02583768962270365,0.12276398540928067,-0.21046636386529677,-0.7087576866782798,-0.0006879021215253666,-0.008254825458304398,-0.40860490529704663,-0.028700269773806342,-0.0642597529411194,0.007779863634169131
exclude_smallest_covered_firms,ocf_no_bench_credit,5,equal,990794,359,0.08718449028497367,0.012926932200017786,0.15516735511933455,0.08330961232197372,-0.6403059562036311,0.0019018163830288718,0.022821796596346464,0.7331254636006778,0.009749140647804293,-0.05645554472749345,0.08326249846295153
exclude_smallest_covered_firms,ocf_no_bench_credit,5,value,990794,359,0.13396867686806108,-0.008568834910073393,0.11340433226542673,-0.07556003142823274,-0.6002340531326738,0.0002997225900557503,0.0035966710806690037,0.19457101060400817,-0.009343905013389314,-0.0510215522131073,0.02856913861410634
deeper_boardex_coverage,ocf,5,equal,635309,359,0.3110730465043371,0.03666807322564226,0.15258511425712865,0.2403122572222287,-0.5351688658733007,0.004181345952884205,0.05017615143461046,1.602717039011576,0.03455079046966662,-0.027751273308777323,0.10754019767291459
deeper_boardex_coverage,ocf,5,value,635309,359,0.4101861146720742,0.003668076335155608,0.11353472740469821,0.03230796795839066,-0.5314585274389347,0.0017265812260079698,0.020718974712095637,1.2622732798595935,-0.0017336467586390012,-0.03479134621765177,0.034517268441731155
deeper_boardex_coverage,ocf_kpc_only,5,equal,635309,359,0.10809335341666036,-0.0012356619478734719,0.11722468684057748,-0.010540970346578447,-0.4728737183038835,7.209382589186831e-06,8.651259107024197e-05,0.00434941397536823,-0.0012931004826041016,-0.050417777669936444,0.03786442466109003
deeper_boardex_coverage,ocf_kpc_only,5,value,635309,359,0.16720702564975143,-0.04601044823499128,0.13170790491197604,-0.34933702928264865,-0.8057409269826367,-0.0030196774178096676,-0.03623612901371601,-1.6135017657407364,-0.04311088266495418,-0.08883906072338613,-0.0023071674887370427
deeper_boardex_coverage,ocf_core_roles,5,equal,635309,359,0.774512499000267,0.00304521744428478,0.10089832118835278,0.03018105166091015,-0.48042901690215034,0.0005494199551436998,0.006593039461724398,0.3735028066346348,0.0019257915017767595,-0.038472446490185774,0.043446462097513704
deeper_boardex_coverage,ocf_core_roles,5,value,635309,359,0.9939169777907967,-0.016201894093345014,0.11132063440208567,-0.14554259576732578,-0.6497362195042484,-0.00030716179780687576,-0.0036859415736825094,-0.19920281382048027,-0.01880722097773949,-0.05028867309133188,0.020084528764533684
deeper_boardex_coverage,ocf_no_bench_credit,5,equal,635309,359,0.07905606806853054,0.04000737649550542,0.16012003526062737,0.24985865404279617,-0.5590665112947345,0.004404446066670254,0.052853352800043045,1.5743040309984258,0.03851425982005785,-0.02924494599318622,0.11538522460654554
deeper_boardex_coverage,ocf_no_bench_credit,5,value,635309,359,0.12159071248281549,-0.005554095202497769,0.10536936672237307,-0.05271072015770659,-0.5667363383400223,0.00039947743448873294,0.004793729213864796,0.28055320649600046,-0.005497846582505897,-0.03755891087353053,0.02640170975658063
high_analyst_coverage,ocf,5,equal,304175,252,0.3604375631919055,0.027859867196578562,0.13259951876763854,0.21010534167472317,-0.5216878262470801,0.00354095221273881,0.042491426552865724,1.2786897866334428,0.022150101449553834,-0.04064467107491739,0.08487148514433421
high_analyst_coverage,ocf,5,value,304175,252,0.4511127730128654,0.04186135707353365,0.12013664252611811,0.3484478689708084,-0.29406536670678174,0.004829632508686928,0.057955590104243136,2.8915703002488042,0.03682420484885214,0.004473230573575569,0.07177180337689994
high_analyst_coverage,ocf_kpc_only,5,equal,304175,252,0.13743935854344708,-0.03098640454518349,0.11760701155958775,-0.26347412568581136,-0.6239285069757043,-0.002150270295114988,-0.025803243541379858,-0.9586964828275267,-0.03493842732130798,-0.08639820999721586,0.017206546481069205
high_analyst_coverage,ocf_kpc_only,5,value,304175,252,0.17831301812551364,-0.049520861788753395,0.12720713593638314,-0.38929311177573406,-0.7079495657618045,-0.003177921515362753,-0.03813505818435304,-1.3432256702189054,-0.04726471043984868,-0.1071022347399226,0.004335257255796492
high_analyst_coverage,ocf_core_roles,5,equal,304175,252,0.7645585027932197,-0.030393057740800256,0.0997980310597535,-0.30454566506029146,-0.5880186446223367,-0.0016909676059485748,-0.020291611271382896,-0.8409075256101091,-0.03467833848391894,-0.07757057747619585,0.00955532248862889
high_analyst_coverage,ocf_core_roles,5,value,304175,252,0.9919630374619882,-0.013093733050552331,0.11226427499757176,-0.11663312350109191,-0.4701358220466997,5.865849587066664e-05,0.0007039019504479996,0.029593914815752867,-0.016233172737034302,-0.0540617060690668,0.03073524645091608
high_analyst_coverage,ocf_no_bench_credit,5,equal,304175,252,0.15393109234929273,0.028453017561734052,0.13867828033134091,0.20517284677710088,-0.5244231212749607,0.003552052943870357,0.04262463532644428,1.203947431196293,0.022791509224315186,-0.044233472772053334,0.08788563483444614
high_analyst_coverage,ocf_no_bench_credit,5,value,304175,252,0.1730313427535372,0.01806588170500775,0.11249470627006943,0.16059317192789893,-0.28813870851604373,0.002145433883048212,0.025745206596578543,1.1869099063904485,0.01830947257960748,-0.01691255540147927,0.05415213160043103
low_analyst_coverage,ocf,5,equal,266950,252,0.354905315284437,0.07414509928480562,0.1710237677847758,0.4335368133048807,-0.42168367660345374,0.007304676815118323,0.08765612178141988,1.7520988138250697,0.06450998133657844,-0.023212570835173942,0.1691422029483681
low_analyst_coverage,ocf,5,value,266950,252,0.45242309149693843,0.0393373122266638,0.20794001276456772,0.18917625186068443,-0.5484158451414576,0.005927331597378458,0.0711279791685415,1.121882966821155,0.028085861222805413,-0.07130246212989831,0.15280189020482543
low_analyst_coverage,ocf_kpc_only,5,equal,266950,252,0.22265070325224795,-0.06184904688975168,0.10438463298310185,-0.592511034643998,-0.8074798553709688,-0.006313189334678384,-0.0757582720161406,-2.79002394455125,-0.06530313283093164,-0.12188227641243643,-0.007604072731339577
low_analyst_coverage,ocf_kpc_only,5,value,266950,252,0.33911290887355866,-0.07626538794368327,0.14161286033126153,-0.5385484606785209,-0.8525443012103102,-0.005579470521852412,-0.06695364626222895,-2.227753260266892,-0.07834939106319294,-0.15961375001260475,-0.008405206629656941
low_analyst_coverage,ocf_core_roles,5,equal,266950,252,0.6213538703979571,-0.05632757969381496,0.09147356999278355,-0.6157798334344959,-0.7736317496850398,-0.005585256304914618,-0.06702307565897542,-2.9556955553697595,-0.061081273921063155,-0.1063438832358349,-0.0059387097820259175
low_analyst_coverage,ocf_core_roles,5,value,266950,252,0.8202314428494469,-0.02925138977818835,0.1339921723334712,-0.21830670604689767,-0.6535903547773003,-0.0015291545730527802,-0.018349854876633362,-0.5916092696296202,-0.034829636393791066,-0.09085171661805834,0.03387965559623688
low_analyst_coverage,ocf_no_bench_credit,5,equal,266950,252,0.19318722800835852,0.08017469302564116,0.1857792937767562,0.43155882119986955,-0.46430520554071364,0.007423859077394766,0.08908630892873719,1.625577371427471,0.0685701265834936,-0.03051104918776173,0.18347179960626644
low_analyst_coverage,ocf_no_bench_credit,5,value,266950,252,0.31788587868393325,0.03422665387000625,0.21244284627916102,0.1611099383644608,-0.560403236485121,0.004851285821513637,0.05821542985816364,0.8865352371640318,0.019893248670491845,-0.08384030764920866,0.14660844794829833
intangible_heavy,ocf,5,equal,594408,353,0.29054425784530263,0.006140842071640514,0.15956658922060132,0.03848451045820614,-0.7131469514710009,0.0010748476776026735,0.012898172131232082,0.3965859091219719,0.00597077214336724,-0.05980073306157856,0.08088956246317061
intangible_heavy,ocf,5,value,594408,353,0.4777167832268992,-0.015755564872809602,0.16335338960821086,-0.0964507985453989,-0.6694330559578217,-0.0008329014458200784,-0.00999481734984094,-0.39078024953600365,-0.009929248382994001,-0.06531325811285399,0.04502847407034442
intangible_heavy,ocf_kpc_only,5,equal,594408,353,0.08541010102017316,-0.004946279219959646,0.17204683133222187,-0.02874960952002886,-0.7453315080747273,-0.0015793515351437786,-0.018952218421725342,-0.6502367338344354,-0.023321136377027766,-0.08726507736117363,0.04651915357003529
intangible_heavy,ocf_kpc_only,5,value,594408,353,0.18689517991922203,-0.09414539361028207,0.19096654322560253,-0.49299417594348627,-0.9751415526377288,-0.0070085280426394015,-0.08410233651167281,-2.454073270386314,-0.10118882855880511,-0.17766595933978904,-0.02866982040776532
intangible_heavy,ocf_core_roles,5,equal,594408,353,0.557861085932142,-0.007386181701969453,0.15302572368715786,-0.04826758223388368,-0.7690277595983626,-0.0013576174716581895,-0.016291409659898275,-0.6193356965506399,-0.02289659353389409,-0.07932890851109174,0.04662773064538452
intangible_heavy,ocf_core_roles,5,value,594408,353,0.9526584777452952,-0.01510258234960211,0.18977642514585036,-0.079580919168412,-0.8200550044333541,-0.0003665605758968224,-0.004398726910761869,-0.13374060120100656,-0.0232499040258276,-0.09050834780132896,0.05180932714599627
intangible_heavy,ocf_no_bench_credit,5,equal,594408,353,0.09954955222082792,-0.004308526404517256,0.16595242259134563,-0.02596241945275431,-0.7437386459556583,0.00033091543399191905,0.003970985207903029,0.11768340780520439,-0.003869779446991886,-0.07550333394016095,0.07168031455990662
intangible_heavy,ocf_no_bench_credit,5,value,594408,353,0.19338346753727753,-0.013075564807987236,0.15898642453930625,-0.08224327860618415,-0.5577258401595941,-0.0003665586572133995,-0.004398703886560794,-0.15632811727853163,-0.009188069984513745,-0.06132539066836953,0.044352476497265696
tangible_heavy,ocf,5,equal,594806,353,0.27584468605616785,-0.0283551089836825,0.09958755861066879,-0.28472541529544865,-0.6827088427102054,-0.0018946097198888948,-0.022735316638666736,-1.1396728522321709,-0.029620141384591857,-0.07289053827511176,0.012095852703503152
tangible_heavy,ocf,5,value,594806,353,0.4244821094236441,-0.023702533032521317,0.11793599941192084,-0.20097792998501093,-0.7199758954062326,0.0002820981506302919,0.003385177807563503,0.15404357594976084,-0.02710112095459865,-0.06627248084538127,0.009608085289678422
tangible_heavy,ocf_kpc_only,5,equal,594806,353,0.07457753129375343,-0.03234575875673329,0.11271694517292143,-0.2869644728848088,-0.7105749563741783,-0.0034784930850945755,-0.0417419170211349,-2.392608339499169,-0.0335878346668211,-0.07152077633442327,0.003357187078656186
tangible_heavy,ocf_kpc_only,5,value,594806,353,0.1474513919838016,-0.058882755925477315,0.11171116725923758,-0.5270982066531777,-0.8753100775363857,-0.004641891451095028,-0.05570269741314034,-3.0719434718462724,-0.06269073166624997,-0.10179151793231987,-0.023320520218011877
tangible_heavy,ocf_core_roles,5,equal,594806,353,0.5126626368210012,-0.043891814088210225,0.09481596877513788,-0.4629158427131875,-0.7910124377438541,-0.004237919032737628,-0.05085502839285154,-3.2536539577985324,-0.04534499308024548,-0.07776767675344087,-0.01501565732675831
tangible_heavy,ocf_core_roles,5,value,594806,353,0.9208605665668369,-0.0337742781078928,0.12563770545834513,-0.26882278679540655,-0.7977879374210097,-0.0017345533805629037,-0.020814640566754843,-0.87140160926915,-0.03515063567143847,-0.07464559397235367,0.003059567780239698
tangible_heavy,ocf_no_bench_credit,5,equal,594806,353,0.08804345057440024,-0.012809164010100117,0.11366352158129518,-0.11269371062851208,-0.6019465071532188,-0.0005229412844834933,-0.006275295413801919,-0.2565657494831637,-0.014905278448528785,-0.06728706097192112,0.034920471692067585
tangible_heavy,ocf_no_bench_credit,5,value,594806,353,0.14838329951948104,-0.03935417645973112,0.09492431714611564,-0.41458477282648026,-0.7858614990173591,-0.0027395550056016392,-0.032874660067219674,-2.0298084840261086,-0.039848419292354026,-0.07769927553522794,-0.00869714084827048
high_vix,ocf,5,equal,438927,126,0.28604696663203166,0.03592694505991447,0.19026518460296343,0.18882563898847365,-0.4990395013877881,0.0050547714139550035,0.06065725696746004,1.038115381946545,0.04428201990279406,-0.09876272394805688,0.18899913789543418
high_vix,ocf,5,value,438927,126,0.46284649465702027,0.0039370174943041845,0.15612476051432558,0.025217124313493725,-0.3757016901211677,0.003413419493123945,0.04096103391748734,1.293896747745339,0.009978737213130156,-0.06668227300972007,0.0883540099044838
high_vix,ocf_kpc_only,5,equal,438927,126,0.08851824763084686,-0.03905652862189326,0.1630749088353362,-0.23950053935845106,-0.5257456616151426,-0.002770308667202812,-0.03324370400643374,-0.8775830593224377,-0.03298217216431247,-0.11294579675918179,0.05180441377588658
high_vix,ocf_kpc_only,5,value,438927,126,0.2061011154107844,-0.08731069373084917,0.15050026690994484,-0.5801364710076791,-0.6367300708666319,-0.006802335151051623,-0.08162802181261948,-2.2207646460558084,-0.07255716497215998,-0.15943361828736244,0.021007349684909332
high_vix,ocf_core_roles,5,equal,438927,126,0.5452187325315854,-0.025528356437773646,0.147411980020741,-0.1731769455520629,-0.48262925005216595,-0.0013957243098815285,-0.016748691718578342,-0.4741312018693491,-0.023074728143556437,-0.0977958837661845,0.05206645638386759
high_vix,ocf_core_roles,5,value,438927,126,0.9606526326679039,-0.006398053068066412,0.1731436458498096,-0.036952283386802946,-0.44829542691755686,0.0012860721814190496,0.015432866177028595,0.3592947924562785,0.005421155429171581,-0.059640356786124844,0.07888224943239287
high_vix,ocf_no_bench_credit,5,equal,438927,126,0.10885913244221422,0.04712118519036643,0.2014550068620507,0.2339042644029858,-0.5155378629838828,0.005890469726269441,0.07068563671523329,1.1231385290562976,0.05384827367284147,-0.09882314992305927,0.2065040775230299
high_vix,ocf_no_bench_credit,5,value,438927,126,0.2041736712440446,-0.002309515830109159,0.1526885598884349,-0.015125663846699814,-0.42296424631992424,0.001574750960076463,0.018897011520917557,0.5786333605625276,-0.0008126534271825292,-0.0808593502631313,0.0794640897416914
low_vix,ocf,5,equal,430398,126,0.2983070224240238,-0.029804800188557763,0.09742480235977141,-0.30592620633187695,-0.45137808013677905,-0.0038455103380230023,-0.04614612405627603,-1.6530867053702407,-0.042041356099750814,-0.08918524364419171,0.00619047110103656
low_vix,ocf,5,value,430398,126,0.4823503464450663,0.014727317936646882,0.08503579571922709,0.17318962928592846,-0.2014771070674689,0.0001411202268780294,0.0016934427225363527,0.0561357601380812,0.0032987780779331305,-0.03969832869489642,0.03977178261705651
low_vix,ocf_kpc_only,5,equal,430398,126,0.09954946217949023,-0.029443336691171995,0.08952052309597176,-0.32890040934643383,-0.37041757192032876,-0.006117152934622516,-0.0734058352154702,-2.2128868130270494,-0.029829048067187686,-0.05957233162601913,0.0036498483225803056
low_vix,ocf_kpc_only,5,value,430398,126,0.1995816503720394,-0.051490158341189335,0.08711859496171163,-0.5910352246132884,-0.4712755824295678,-0.005682082969612927,-0.06818499563535513,-2.4821273314633197,-0.052812565462747534,-0.0942994981524684,-0.018188583245852583
low_vix,ocf_core_roles,5,equal,430398,126,0.550302435507012,-0.04451617786116714,0.0747974966515895,-0.5951559858817969,-0.45045182312552245,-0.006938770355663867,-0.0832652442679664,-3.324162205549414,-0.04539120570478798,-0.07009323406441674,-0.014030114070120532
low_vix,ocf_core_roles,5,value,430398,126,0.9487747447905721,-0.019466960542425978,0.08312743611285459,-0.23418213591957113,-0.3540519874080952,-0.0043389861538815876,-0.05206783384657905,-2.107757935693141,-0.02853732242430332,-0.06064136055400548,0.006145646064576086
low_vix,ocf_no_bench_credit,5,equal,430398,126,0.11839011746210432,-0.024391468028758374,0.10439446603213426,-0.23364713625002206,-0.45366452757693954,-0.002949491957519746,-0.03539390349023695,-1.0956100810911664,-0.03915581301772109,-0.09160546994498808,0.014826943101552269
low_vix,ocf_no_bench_credit,5,value,430398,126,0.21426135971021396,0.011447092840297332,0.07586067765562797,0.15089626396776715,-0.17643667905142002,0.002734693943542941,0.03281632732251529,1.014501798452355,0.008716535237183635,-0.035683385148659194,0.04915688102243076
recession,ocf,5,equal,75966,20,0.35875159383895633,0.12340071293958071,0.17410870745241136,0.7087567000249513,-0.17628290200442032,,,,,,
recession,ocf,5,value,75966,20,0.5443617831091273,0.10268545241186035,0.10758876910647483,0.9544253853321629,-0.06785249041783104,,,,,,
recession,ocf_kpc_only,5,equal,75966,20,0.16095906526482912,0.05273470487442942,0.14330278456421278,0.3679949767535706,-0.17446686684541024,,,,,,
recession,ocf_kpc_only,5,value,75966,20,0.277999897196207,0.05010116225038461,0.10477464478169088,0.47818021578384456,-0.15313531412141257,,,,,,
recession,ocf_core_roles,5,equal,75966,20,0.5750491581331592,0.037011839113554615,0.1285223700910057,0.28797974303887186,-0.15917378523467507,,,,,,
recession,ocf_core_roles,5,value,75966,20,1.0185359307065487,-0.001088043249293355,0.14114846690686292,-0.007708502069748319,-0.18954839651120714,,,,,,
recession,ocf_no_bench_credit,5,equal,75966,20,0.19358251815968414,0.15352393736417136,0.18668681463357728,0.822360902485283,-0.16827469037430942,,,,,,
recession,ocf_no_bench_credit,5,value,75966,20,0.2870614457415049,0.09937873946682627,0.11150314546354398,0.8912640002547569,-0.0605425734393904,,,,,,
expansion,ocf,5,equal,793359,232,0.26762582350964714,-0.007313034504313223,0.14905267685169277,-0.0490634228031321,-0.6246045535398752,0.00043098436810161053,0.005171812417219326,0.11195050172792086,-0.012602111755289759,-0.09119498025647675,0.07373434933944402
expansion,ocf,5,value,793359,232,0.4458997834969979,0.0012844707588906417,0.1268270169727956,0.010127737681996894,-0.48592395400974553,0.002081876996596748,0.02498252395916098,0.9564084758028133,-0.007175307091818269,-0.059231428089277734,0.04746897985508287
expansion,ocf_kpc_only,5,equal,793359,232,0.07106939027986958,-0.041748608305753485,0.13030979038440174,-0.3203796751003818,-0.6868417964926385,-0.00451657306997123,-0.054198876839654755,-2.0068985956082868,-0.04524112999753211,-0.10430363994969745,0.008870894196523975
expansion,ocf_kpc_only,5,value,793359,232,0.1685811852792188,-0.079702287095192,0.12400782269950947,-0.6427198329924978,-0.8248943313020456,-0.004873004628624142,-0.0584760555434897,-2.0940024189740503,-0.08130040335539476,-0.14060761414623557,-0.027138488105136294
expansion,ocf_core_roles,5,equal,793359,232,0.5297668076245374,-0.0412321038962829,0.11573736460203676,-0.356255769587113,-0.6986107836381392,-0.004016836749644429,-0.04820204099573315,-1.915997622545152,-0.045176860318355834,-0.09695222090408134,0.005900775460796144
expansion,ocf_core_roles,5,value,793359,232,0.9367871820862862,-0.013953581249724876,0.1353721724531637,-0.10307569862301323,-0.5675556909654625,0.001346449928739679,0.01615739914487615,0.53342368156163,-0.01990708622523335,-0.06927160192434371,0.02839560915676669
expansion,ocf_no_bench_credit,5,equal,793359,232,0.0844844863169252,-0.000890234417762146,0.15795454381983762,-0.005636016516103165,-0.6181716539281672,0.0010449806332524711,0.012539767599029653,0.25321569043039566,-0.007118499250999978,-0.09044324340424255,0.08618352278502656
expansion,ocf_no_bench_credit,5,value,793359,232,0.17031202939571055,-0.0036044831295379983,0.12100005795355781,-0.029789102505401024,-0.46190593404767033,0.0004385675020628616,0.005262810024754339,0.1801874114074688,-0.005722066197519336,-0.0641922495807191,0.05304821591820612
tightening,ocf,5,equal,314313,88,0.31484850029088157,0.000784558416882378,0.18079983395530094,0.0043393757600261075,-0.45755208103700706,0.0020323270806682976,0.024387924968019573,0.31080706634884897,-0.0363547744450162,-0.12391482402130592,0.07262684820747904
tightening,ocf,5,value,314313,88,0.5364966189792056,0.028096890280925664,0.15594482207505578,0.18017199870479006,-0.29024414283436883,0.0038239370311175724,0.045887244373410865,1.1216209819552743,-0.00034699591254582396,-0.06562829589346074,0.07235575750381043
tightening,ocf_kpc_only,5,equal,314313,88,0.10025676859842335,-0.0772978237647061,0.14443162058249048,-0.5351862940605747,-0.5849787633289029,-0.006067423094155045,-0.07280907712986054,-1.5993818999244513,-0.0874654786298239,-0.1761736036014941,-0.007761792574706604
tightening,ocf_kpc_only,5,value,314313,88,0.2066253192184296,-0.05456932299292565,0.1425137299476506,-0.3829057243324593,-0.41202661276460206,-0.0012235217698820392,-0.01468226123858447,-0.3708879000198973,-0.04198628650587558,-0.10532840025981474,0.01644860852789061
tightening,ocf_core_roles,5,equal,314313,88,0.5982287565299903,-0.08019299087890291,0.13115302902779993,-0.6114459686775877,-0.5910750466892238,-0.006477277982701128,-0.07772733579241353,-1.8756560192597378,-0.09503227209022873,-0.1616495010386934,-0.03569003272380444
tightening,ocf_core_roles,5,value,314313,88,1.01077624395322,0.03975966191814675,0.1705807027276347,0.2330841723734178,-0.3081506578426658,0.005865597714432485,0.07038717257318981,1.334973581069808,0.009281591473233363,-0.04889696841099995,0.06288373811302601
tightening,ocf_no_bench_credit,5,equal,314313,88,0.1212354088302902,0.018673705761206433,0.19292069583010168,0.09679472531890354,-0.4181116494607583,0.0038290943033848788,0.04594913164061855,0.5534658018619547,-0.022357893954570173,-0.11242831226189601,0.09814620363951598
tightening,ocf_no_bench_credit,5,value,314313,88,0.2251632921424932,0.010957105420669671,0.14306212900557,0.07658983895201969,-0.30578923681035675,0.0022070651156032278,0.026484781387238733,0.5703734460067396,-0.0008750337447513103,-0.07174631016302872,0.07455134935842887
easing_or_flat,ocf,5,equal,555012,164,0.26771677656841925,0.004282616543324967,0.1331605584701277,0.03216129905527318,-0.3510838508002402,0.0027465916975912543,0.03295910037109505,0.8659401291832679,0.011541109304530617,-0.07519321585699124,0.10986384514715365
easing_or_flat,ocf,5,value,555012,164,0.42336746498002137,-0.0007367078074489178,0.10600562658452212,-0.006949704757997105,-0.36059219151724364,0.0016895856022761733,0.02027502722731408,0.7425550089551629,0.0055975168846851735,-0.0614607819636267,0.0674895226921666
easing_or_flat,ocf_kpc_only,5,equal,555012,164,0.0797290649844244,-0.011151064257024895,0.12361278131793456,-0.09020963801748084,-0.42518942911802726,-0.002492682981064268,-0.029912195772771218,-1.11663197879941,-0.0036500064539291797,-0.06427080446259247,0.05910730173884777
easing_or_flat,ocf_kpc_only,5,value,555012,164,0.17840799778697247,-0.07735857888841097,0.11124700396153572,-0.6953767394505126,-0.6891933798694858,-0.005981512564509469,-0.07177815077411363,-2.4211029849390755,-0.06560924654624233,-0.14788106054218705,0.00686237969821251
easing_or_flat,ocf_core_roles,5,equal,555012,164,0.5079728032217593,-0.010784317831238312,0.10790883308593287,-0.09993915718327019,-0.429221148942869,-0.0017127869982047166,-0.020553443978456598,-0.814642735113391,-0.008143438562841613,-0.06573651369686714,0.050798696303059304
easing_or_flat,ocf_core_roles,5,value,555012,164,0.9087051455060873,-0.04120635343731069,0.11212437582756007,-0.36750575540044345,-0.5280906080828011,-0.0023810607206651247,-0.028572728647981497,-0.8874363947451449,-0.042781787531390336,-0.09975201849165569,0.019018669023025646
easing_or_flat,ocf_no_bench_credit,5,equal,555012,164,0.09623118577916763,0.007443038142539288,0.14062823668806912,0.052927053043044764,-0.37712127865125356,0.0032018665043013123,0.03842239805161575,0.9662028554531259,0.01576857165901941,-0.07264746506460522,0.11656990983650221
easing_or_flat,ocf_no_bench_credit,5,value,555012,164,0.17893038884568177,0.0011409111357608523,0.10663579087388118,0.010699138876460484,-0.36416045301219824,0.0014010574258239497,0.016812689109887397,0.546996866590823,0.009029739428918663,-0.05804688027067685,0.07102882140187436
